AccountID,AccountNumber,CustomerID,AccountType,AccountStatus,CreatedDate,ClosedDate,Balance,Currency,Description,CreatedBy
41a4ba10-6865-4460-beb4-8527d64a490d,ACC-Camping-1000,CID-001,Receivable,Active,2025-01-01,,0.0,USD,Customer receivable account (Camping),SampleGen
77fdce9d-8156-4f16-9f5d-ce15acb08a72,ACC-Camping-1001,CID-002,Receivable,Active,2025-01-01,,0.0,USD,Customer receivable account (Camping),SampleGen
ebc21e97-92bb-4913-a3b6-946718311e32,ACC-Camping-1002,CID-003,Receivable,Active,2025-01-01,,0.0,USD,Customer receivable account (Camping),SampleGen
548911bf-3a74-4d3b-bbdc-c4d8a6990ad1,ACC-Camping-1003,CID-004,Receivable,Active,2025-01-01,,0.0,USD,Customer receivable account (Camping),SampleGen
85818db9-8f84-48e8-83a8-53bf69f25454,ACC-Camping-1004,CID-005,Receivable,Active,2025-01-01,,0.0,USD,Customer receivable account (Camping),SampleGen
f71cba90-cb29-442c-8cd7-a3bbc29e425c,ACC-Camping-1005,CID-006,Receivable,Active,2025-01-01,,0.0,USD,Customer receivable account (Camping),SampleGen
e11c377a-0c5b-47e8-b909-caf82ee337b8,ACC-Camping-1006,CID-007,Receivable,Active,2025-01-01,,0.0,USD,Customer receivable account (Camping),SampleGen
b61883df-573d-49da-8d83-99efb3ede4ff,ACC-Camping-1007,CID-008,Receivable,Active,2025-01-01,,0.0,USD,Customer receivable account (Camping),SampleGen
99d68e79-9225-4c5f-909d-f937539a807f,ACC-Camping-1008,CID-009,Receivable,Active,2025-01-01,,0.0,USD,Customer receivable account (Camping),SampleGen
0e59a316-f5ac-434d-abcc-5ab9de059392,ACC-Camping-1009,CID-010,Receivable,Active,2025-01-01,,0.0,USD,Customer receivable account (Camping),SampleGen
7e78e0af-b124-4500-9438-abe055b260e8,ACC-Camping-1010,CID-011,Receivable,Active,2025-01-01,,0.0,USD,Customer receivable account (Camping),SampleGen
26f05ad7-c310-43e9-8d59-e8e5663b2aae,ACC-Camping-1011,CID-012,Receivable,Active,2025-01-01,,0.0,USD,Customer receivable account (Camping),SampleGen
b411d836-8faa-4ff0-8a38-47762685bed0,ACC-Camping-1012,CID-013,Receivable,Active,2025-01-01,,0.0,USD,Customer receivable account (Camping),SampleGen
f67c26e3-0b97-4279-97df-26464b95be44,ACC-Camping-1013,CID-014,Receivable,Active,2025-01-01,,0.0,USD,Customer receivable account (Camping),SampleGen
ba54a823-598d-4aab-a619-57844e079bf8,ACC-Camping-1014,CID-015,Receivable,Active,2025-01-01,,0.0,USD,Customer receivable account (Camping),SampleGen
1524011e-0cf1-4e6d-be5a-396bbadd46b6,ACC-Camping-1015,CID-016,Receivable,Active,2025-01-01,,0.0,USD,Customer receivable account (Camping),SampleGen
8b373cae-4eea-4d46-8ac0-2bad0130acdf,ACC-Camping-1016,CID-017,Receivable,Active,2025-01-01,,0.0,USD,Customer receivable account (Camping),SampleGen
8f047e4f-d8d7-424a-bed0-58c4ef7c0464,ACC-Camping-1017,CID-018,Receivable,Active,2025-01-01,,0.0,USD,Customer receivable account (Camping),SampleGen
3aef914b-3686-4327-9f57-1aea37104a91,ACC-Camping-1018,CID-019,Receivable,Active,2025-01-01,,0.0,USD,Customer receivable account (Camping),SampleGen
a3fa8e13-5be9-4675-abc1-9a65def3b647,ACC-Camping-1019,CID-020,Receivable,Active,2025-01-01,,0.0,USD,Customer receivable account (Camping),SampleGen
c466687f-a98a-4cef-9c00-5501ce22754a,ACC-Camping-1020,CID-021,Receivable,Active,2025-01-01,,0.0,USD,Customer receivable account (Camping),SampleGen
85443072-2954-4591-81dd-33a261d7d564,ACC-Camping-1021,CID-022,Receivable,Active,2025-01-01,,0.0,USD,Customer receivable account (Camping),SampleGen
03d59a20-bbfe-4301-8633-bb7f3cee6b81,ACC-Camping-1022,CID-023,Receivable,Active,2025-01-01,,0.0,USD,Customer receivable account (Camping),SampleGen
cae87866-b0ed-4bfd-a174-c7ee71d2c561,ACC-Camping-1023,CID-024,Receivable,Active,2025-01-01,,0.0,USD,Customer receivable account (Camping),SampleGen
63b64f51-6c78-4d29-b037-8eb928a26bcf,ACC-Camping-1024,CID-025,Receivable,Active,2025-01-01,,0.0,USD,Customer receivable account (Camping),SampleGen
9a81a12a-fb1f-4983-babc-309afcb9124c,ACC-Camping-1025,CID-026,Receivable,Active,2025-01-01,,0.0,USD,Customer receivable account (Camping),SampleGen
ed8eb258-03cd-4036-848b-204e9b602039,ACC-Camping-1026,CID-027,Receivable,Active,2025-01-01,,0.0,USD,Customer receivable account (Camping),SampleGen
c22ca267-895d-4ff1-bda0-b389b8708c2f,ACC-Camping-1027,CID-028,Receivable,Active,2025-01-01,,0.0,USD,Customer receivable account (Camping),SampleGen
47dbfa25-72b2-4cb7-b24f-53b0ca9e3e31,ACC-Camping-1028,CID-029,Receivable,Active,2025-01-01,,0.0,USD,Customer receivable account (Camping),SampleGen
b620e2df-b0cb-482f-88b0-756198f86186,ACC-Camping-1029,CID-030,Receivable,Active,2025-01-01,,0.0,USD,Customer receivable account (Camping),SampleGen
d19026a1-5d06-4c1f-94a5-f610dc27e796,ACC-Camping-1030,CID-031,Receivable,Active,2025-01-01,,0.0,USD,Customer receivable account (Camping),SampleGen
9cb88911-8dca-481b-86ab-86dedfe6124e,ACC-Camping-1031,CID-032,Receivable,Active,2025-01-01,,0.0,USD,Customer receivable account (Camping),SampleGen
2c6a46ce-fc02-4290-bbb4-6f461d1c07a2,ACC-Camping-1032,CID-033,Receivable,Active,2025-01-01,,0.0,USD,Customer receivable account (Camping),SampleGen
259ad894-ab5b-48ad-bd81-ed1f508fb5d4,ACC-Camping-1033,CID-034,Receivable,Active,2025-01-01,,0.0,USD,Customer receivable account (Camping),SampleGen
f02aa3f6-59de-4e70-ac1d-206dd474ea66,ACC-Camping-1034,CID-035,Receivable,Active,2025-01-01,,0.0,USD,Customer receivable account (Camping),SampleGen
00c0f199-d92f-4e73-afe0-ea675a1559fa,ACC-Camping-1035,CID-036,Receivable,Active,2025-01-01,,0.0,USD,Customer receivable account (Camping),SampleGen
7ac7f74d-4111-4011-bd61-8d3831328a46,ACC-Camping-1036,CID-037,Receivable,Active,2025-01-01,,0.0,USD,Customer receivable account (Camping),SampleGen
6002c904-1de2-4a29-832d-acf97e72b910,ACC-Camping-1037,CID-038,Receivable,Active,2025-01-01,,0.0,USD,Customer receivable account (Camping),SampleGen
f2581855-b518-4710-a657-3d11d2568249,ACC-Camping-1038,CID-039,Receivable,Active,2025-01-01,,0.0,USD,Customer receivable account (Camping),SampleGen
50a7c15d-c81a-4344-86d0-e7bdf1620fa1,ACC-Camping-1039,CID-040,Receivable,Active,2025-01-01,,0.0,USD,Customer receivable account (Camping),SampleGen
f60f60be-c8ef-4184-beb1-bee179c8d6fb,ACC-Camping-1040,CID-041,Receivable,Active,2025-01-01,,0.0,USD,Customer receivable account (Camping),SampleGen
86beeaf1-e1d6-4511-8b43-8fd2431dfcb4,ACC-Camping-1041,CID-042,Receivable,Active,2025-01-01,,0.0,USD,Customer receivable account (Camping),SampleGen
f9c5d230-c00b-4fa7-b473-5fb29b767f96,ACC-Camping-1042,CID-043,Receivable,Active,2025-01-01,,0.0,USD,Customer receivable account (Camping),SampleGen
0c7e5a90-f594-4d7a-b110-f6ca4242fcae,ACC-Camping-1043,CID-044,Receivable,Active,2025-01-01,,0.0,USD,Customer receivable account (Camping),SampleGen
caed9a0c-e3f3-459c-bc5c-690942794287,ACC-Camping-1044,CID-045,Receivable,Active,2025-01-01,,0.0,USD,Customer receivable account (Camping),SampleGen
c514bdc4-9529-4fca-8922-62e5154c0294,ACC-Camping-1045,CID-046,Receivable,Active,2025-01-01,,0.0,USD,Customer receivable account (Camping),SampleGen
90974a31-e787-4a42-8bab-8c3f40e604c6,ACC-Camping-1046,CID-047,Receivable,Active,2025-01-01,,0.0,USD,Customer receivable account (Camping),SampleGen
a2d1ce14-c4f9-4086-a9a6-f945e1891213,ACC-Camping-1047,CID-048,Receivable,Active,2025-01-01,,0.0,USD,Customer receivable account (Camping),SampleGen
57b9344c-fd9d-41e2-abed-3256f9394cf4,ACC-Camping-1048,CID-049,Receivable,Active,2025-01-01,,0.0,USD,Customer receivable account (Camping),SampleGen
362823de-fee0-4cce-83b7-6a2d8e5609ae,ACC-Camping-1049,CID-050,Receivable,Active,2025-01-01,,0.0,USD,Customer receivable account (Camping),SampleGen
5916bf19-a048-42b0-8f20-5cab1e1e29db,ACC-Camping-1050,CID-051,Receivable,Active,2025-01-01,,0.0,USD,Customer receivable account (Camping),SampleGen
6fa94d23-4910-440c-bac6-bfef13fb848a,ACC-Camping-1051,CID-052,Receivable,Active,2025-01-01,,0.0,USD,Customer receivable account (Camping),SampleGen
ffd99b1d-f987-4d43-bc88-c898648f7876,ACC-Camping-1052,CID-053,Receivable,Active,2025-01-01,,0.0,USD,Customer receivable account (Camping),SampleGen
b04c3f89-b38b-4729-a527-d068ccfac6cc,ACC-Camping-1053,CID-054,Receivable,Active,2025-01-01,,0.0,USD,Customer receivable account (Camping),SampleGen
92655d69-8ed0-423e-af5f-0e8dc410d409,ACC-Camping-1054,CID-055,Receivable,Active,2025-01-01,,0.0,USD,Customer receivable account (Camping),SampleGen
829acc25-b10e-4bdb-8adc-b08a46cc4c6d,ACC-Camping-1055,CID-056,Receivable,Active,2025-01-01,,0.0,USD,Customer receivable account (Camping),SampleGen
a483462a-3bf9-45ff-af2c-03ee6e326f84,ACC-Camping-1056,CID-057,Receivable,Active,2025-01-01,,0.0,USD,Customer receivable account (Camping),SampleGen
5f20d62f-fe20-421b-a34c-4cdf7900c8e8,ACC-Camping-1057,CID-058,Receivable,Active,2025-01-01,,0.0,USD,Customer receivable account (Camping),SampleGen
a31f87f1-0a4e-447f-b7a4-9e25af907228,ACC-Camping-1058,CID-059,Receivable,Active,2025-01-01,,0.0,USD,Customer receivable account (Camping),SampleGen
e961d1f1-4107-4e99-8830-7a3e9f6869df,ACC-Camping-1059,CID-060,Receivable,Active,2025-01-01,,0.0,USD,Customer receivable account (Camping),SampleGen
beead13e-f51c-4e6e-9bdd-e72fb47ef667,ACC-Camping-1060,CID-061,Receivable,Active,2025-01-01,,0.0,USD,Customer receivable account (Camping),SampleGen
ca15e294-d859-4503-8620-275058ef7c68,ACC-Camping-1061,CID-062,Receivable,Active,2025-01-01,,0.0,USD,Customer receivable account (Camping),SampleGen
9d4dec50-313f-4b46-a509-151a24ef3230,ACC-Camping-1062,CID-063,Receivable,Active,2025-01-01,,0.0,USD,Customer receivable account (Camping),SampleGen
5798dc5d-e34f-40d2-a853-6f9b97b6c798,ACC-Camping-1063,CID-064,Receivable,Active,2025-01-01,,0.0,USD,Customer receivable account (Camping),SampleGen
4d2663ea-e1ae-4297-b464-1e0a26dd0840,ACC-Camping-1064,CID-065,Receivable,Active,2025-01-01,,0.0,USD,Customer receivable account (Camping),SampleGen
fb50382f-7093-448d-97ab-2d2a062914b9,ACC-Camping-1065,CID-066,Receivable,Active,2025-01-01,,0.0,USD,Customer receivable account (Camping),SampleGen
6d38ac01-edae-48d7-81f3-1a06320442ae,ACC-Camping-1066,CID-067,Receivable,Active,2025-01-01,,0.0,USD,Customer receivable account (Camping),SampleGen
1035c673-6477-4662-9ce7-3f2174dc3c89,ACC-Camping-1067,CID-068,Receivable,Active,2025-01-01,,0.0,USD,Customer receivable account (Camping),SampleGen
1b715b75-12b1-40ab-a8f6-85c1f7be07dd,ACC-Camping-1068,CID-069,Receivable,Active,2025-01-01,,0.0,USD,Customer receivable account (Camping),SampleGen
8b440782-b4e6-4dbc-8544-fe4364c78798,ACC-Camping-1069,CID-070,Receivable,Active,2025-01-01,,0.0,USD,Customer receivable account (Camping),SampleGen
72a2f19c-5d0a-4bc0-b1b7-dec3a74fdf20,ACC-Camping-1070,CID-071,Receivable,Active,2025-01-01,,0.0,USD,Customer receivable account (Camping),SampleGen
eb6473e8-a8ae-46ed-8da1-f2db5c9f855b,ACC-Camping-1071,CID-072,Receivable,Active,2025-01-01,,0.0,USD,Customer receivable account (Camping),SampleGen
e78c08f3-6e0f-4ed7-b084-26f009159cf8,ACC-Camping-1072,CID-073,Receivable,Active,2025-01-01,,0.0,USD,Customer receivable account (Camping),SampleGen
0e76a094-b7d6-4d9e-b36e-d26afcff567f,ACC-Camping-1073,CID-074,Receivable,Active,2025-01-01,,0.0,USD,Customer receivable account (Camping),SampleGen
b094ca40-7fbd-4070-92a4-e7da95184aa1,ACC-Camping-1074,CID-075,Receivable,Active,2025-01-01,,0.0,USD,Customer receivable account (Camping),SampleGen
f1ce1bb0-4700-4373-8a76-0479d9295713,ACC-Camping-1075,CID-076,Receivable,Active,2025-01-01,,0.0,USD,Customer receivable account (Camping),SampleGen
3a3af05b-a8b6-4d40-bf9a-b5fa26d89ec0,ACC-Camping-1076,CID-077,Receivable,Active,2025-01-01,,0.0,USD,Customer receivable account (Camping),SampleGen
a20e3da4-2802-4db4-9653-9044b19d7074,ACC-Camping-1077,CID-078,Receivable,Active,2025-01-01,,0.0,USD,Customer receivable account (Camping),SampleGen
939e3c97-71b1-4158-a409-d4450c88f695,ACC-Camping-1078,CID-079,Receivable,Active,2025-01-01,,0.0,USD,Customer receivable account (Camping),SampleGen
0b5ce654-bd9a-4825-a0ed-d7387ec5e057,ACC-Camping-1079,CID-080,Receivable,Active,2025-01-01,,0.0,USD,Customer receivable account (Camping),SampleGen
46ce52ff-4b40-46b7-b4e5-6e1dba2a1bc7,ACC-Camping-1080,CID-081,Receivable,Active,2025-01-01,,0.0,USD,Customer receivable account (Camping),SampleGen
02b4aae4-d8fd-4b25-a05f-a338ef82ebb0,ACC-Camping-1081,CID-082,Receivable,Active,2025-01-01,,0.0,USD,Customer receivable account (Camping),SampleGen
f8d8ee06-5254-4e02-a82f-c000a40e35f1,ACC-Camping-1082,CID-083,Receivable,Active,2025-01-01,,0.0,USD,Customer receivable account (Camping),SampleGen
7a32e6a6-9650-4bac-8321-415f8728ba8a,ACC-Camping-1083,CID-084,Receivable,Active,2025-01-01,,0.0,USD,Customer receivable account (Camping),SampleGen
0ebd869e-3dc2-4b12-9a14-174464b67d8b,ACC-Camping-1084,CID-085,Receivable,Active,2025-01-01,,0.0,USD,Customer receivable account (Camping),SampleGen
89c03220-df61-44e9-a367-947e41685d87,ACC-Camping-1085,CID-086,Receivable,Active,2025-01-01,,0.0,USD,Customer receivable account (Camping),SampleGen
74d44244-88dc-45ab-bc86-03870ea12d9b,ACC-Camping-1086,CID-087,Receivable,Active,2025-01-01,,0.0,USD,Customer receivable account (Camping),SampleGen
9d3d4ac1-abe2-4f08-bf27-1b6df136229a,ACC-Camping-1087,CID-088,Receivable,Active,2025-01-01,,0.0,USD,Customer receivable account (Camping),SampleGen
5f9e6a0d-36a1-4b07-9e19-d52c91734808,ACC-Camping-1088,CID-089,Receivable,Active,2025-01-01,,0.0,USD,Customer receivable account (Camping),SampleGen
6669cdee-6264-4dca-8daf-19347be76922,ACC-Camping-1089,CID-090,Receivable,Active,2025-01-01,,0.0,USD,Customer receivable account (Camping),SampleGen
1764c0e8-f58f-4378-a477-e4592c458b7c,ACC-Camping-1090,CID-091,Receivable,Active,2025-01-01,,0.0,USD,Customer receivable account (Camping),SampleGen
bb859f8e-4e20-4c8a-a091-3f12d001710c,ACC-Camping-1091,CID-092,Receivable,Active,2025-01-01,,0.0,USD,Customer receivable account (Camping),SampleGen
61fd008b-821c-4027-83ac-121e12ff33e2,ACC-Camping-1092,CID-093,Receivable,Active,2025-01-01,,0.0,USD,Customer receivable account (Camping),SampleGen
66b05947-383d-4104-b1fe-79c533dfe4d5,ACC-Camping-1093,CID-094,Receivable,Active,2025-01-01,,0.0,USD,Customer receivable account (Camping),SampleGen
c8a1d30c-687d-439d-8d51-f6d413ce0e12,ACC-Camping-1094,CID-095,Receivable,Active,2025-01-01,,0.0,USD,Customer receivable account (Camping),SampleGen
d2c9853a-0dfe-4891-84cc-e160c9447746,ACC-Camping-1095,CID-096,Receivable,Active,2025-01-01,,0.0,USD,Customer receivable account (Camping),SampleGen
572871a0-8b64-4d5e-a429-5de2e05096c7,ACC-Camping-1096,CID-097,Receivable,Active,2025-01-01,,0.0,USD,Customer receivable account (Camping),SampleGen
64f33596-7d4d-445d-a35d-ff71936d5201,ACC-Camping-1097,CID-098,Receivable,Active,2025-01-01,,0.0,USD,Customer receivable account (Camping),SampleGen
1b44fdff-46c0-408b-b2a2-8e98562fe601,ACC-Camping-1098,CID-099,Receivable,Active,2025-01-01,,0.0,USD,Customer receivable account (Camping),SampleGen
55c43d0d-d891-46ab-b1fb-a618f5f65b5a,ACC-Camping-1099,CID-100,Receivable,Active,2025-01-01,,0.0,USD,Customer receivable account (Camping),SampleGen
a214eaf0-9e7a-40c7-a9a5-3360eed064d0,ACC-Camping-1100,CID-101,Receivable,Active,2025-01-01,,0.0,USD,Customer receivable account (Camping),SampleGen
c1de5e09-2236-4305-8c6d-75f782b42906,ACC-Camping-1101,CID-102,Receivable,Active,2025-01-01,,0.0,USD,Customer receivable account (Camping),SampleGen
a3031860-bf9b-4e8e-97e3-6e8820182183,ACC-Camping-1102,CID-103,Receivable,Active,2025-01-01,,0.0,USD,Customer receivable account (Camping),SampleGen
822d1b9b-5e73-4a76-b442-9a0bebe77141,ACC-Camping-1103,CID-104,Receivable,Active,2025-01-01,,0.0,USD,Customer receivable account (Camping),SampleGen
7ad3c642-a6ca-452c-821c-3cd3527b9ed8,ACC-Camping-1104,CID-105,Receivable,Active,2025-01-01,,0.0,USD,Customer receivable account (Camping),SampleGen
117948d4-95ac-45c9-b789-ecf0cf1f4383,ACC-Camping-1105,CID-106,Receivable,Active,2025-01-01,,0.0,USD,Customer receivable account (Camping),SampleGen
bccbc3c0-9a58-4e95-b75b-ced3b883e947,ACC-Camping-1106,CID-107,Receivable,Active,2025-01-01,,0.0,USD,Customer receivable account (Camping),SampleGen
4900d229-6648-4696-bc19-7f6979d22fe6,ACC-Camping-1107,CID-108,Receivable,Active,2025-01-01,,0.0,USD,Customer receivable account (Camping),SampleGen
c0eca050-13c9-48cf-93f4-382b0d2ab19e,ACC-Camping-1108,CID-109,Receivable,Active,2025-01-01,,0.0,USD,Customer receivable account (Camping),SampleGen
104708ce-786e-4747-ae8f-d4bd9cd19112,ACC-Camping-1109,CID-110,Receivable,Active,2025-01-01,,0.0,USD,Customer receivable account (Camping),SampleGen
5f7247c7-4896-4d35-be15-49d955430715,ACC-Camping-1110,CID-111,Receivable,Active,2025-01-01,,0.0,USD,Customer receivable account (Camping),SampleGen
d0098d81-8c8e-4b26-b438-90c48eb4f852,ACC-Camping-1111,CID-112,Receivable,Active,2025-01-01,,0.0,USD,Customer receivable account (Camping),SampleGen
8232a64a-65ab-4eed-b0ad-c2d9b56b82dc,ACC-Camping-1112,CID-113,Receivable,Active,2025-01-01,,0.0,USD,Customer receivable account (Camping),SampleGen
fd7a08ec-28d7-46b9-8926-19d433e5dd9a,ACC-Camping-1113,CID-114,Receivable,Active,2025-01-01,,0.0,USD,Customer receivable account (Camping),SampleGen
18a1b75b-6b8b-4daa-bbe7-1443d4d56c0a,ACC-Camping-1114,CID-115,Receivable,Active,2025-01-01,,0.0,USD,Customer receivable account (Camping),SampleGen
6151d6dc-864b-4394-b3ad-3c7e3c060178,ACC-Camping-1115,CID-116,Receivable,Active,2025-01-01,,0.0,USD,Customer receivable account (Camping),SampleGen
9192fe63-ded5-4a4a-acb7-563722b248b8,ACC-Camping-1116,CID-117,Receivable,Active,2025-01-01,,0.0,USD,Customer receivable account (Camping),SampleGen
3a5bc4e9-f322-459c-8560-3fe53f54ffb0,ACC-Camping-1117,CID-118,Receivable,Active,2025-01-01,,0.0,USD,Customer receivable account (Camping),SampleGen
0e99337b-b0cf-4d80-a84f-6a7a6a8928d1,ACC-Camping-1118,CID-119,Receivable,Active,2025-01-01,,0.0,USD,Customer receivable account (Camping),SampleGen
a4b07dd9-6e69-4b1e-9284-f59786d3f9ea,ACC-Camping-1119,CID-120,Receivable,Active,2025-01-01,,0.0,USD,Customer receivable account (Camping),SampleGen
8fae45d1-f1e7-45f9-976e-589c1b81c527,ACC-Camping-1120,CID-121,Receivable,Active,2025-01-01,,0.0,USD,Customer receivable account (Camping),SampleGen
a14b091e-bca7-4092-ae07-422e3f10b02f,ACC-Camping-1121,CID-122,Receivable,Active,2025-01-01,,0.0,USD,Customer receivable account (Camping),SampleGen
3fb2e93a-e471-4dd4-bc70-ee95275c6b37,ACC-Camping-1122,CID-123,Receivable,Active,2025-01-01,,0.0,USD,Customer receivable account (Camping),SampleGen
94782852-c2ca-46ee-a08b-b042510d464e,ACC-Camping-1123,CID-124,Receivable,Active,2025-01-01,,0.0,USD,Customer receivable account (Camping),SampleGen
7b2a6dd5-dc39-414f-bf92-ea7a69ea92bc,ACC-Camping-1124,CID-125,Receivable,Active,2025-01-01,,0.0,USD,Customer receivable account (Camping),SampleGen
a3b1c052-b41a-4974-9bf1-6c04a71d790c,ACC-Camping-1125,CID-126,Receivable,Active,2025-01-01,,0.0,USD,Customer receivable account (Camping),SampleGen
94759ad9-1e32-46f5-9405-50571c7fdcf7,ACC-Camping-1126,CID-127,Receivable,Active,2025-01-01,,0.0,USD,Customer receivable account (Camping),SampleGen
80d59301-29c8-4ddd-951c-9badd68570fd,ACC-Camping-1127,CID-128,Receivable,Active,2025-01-01,,0.0,USD,Customer receivable account (Camping),SampleGen
5c184fdd-2c31-4f46-b4c8-8ddee943256a,ACC-Camping-1128,CID-129,Receivable,Active,2025-01-01,,0.0,USD,Customer receivable account (Camping),SampleGen
e7ae3178-3ada-42ad-9219-1818847f29a2,ACC-Camping-1129,CID-130,Receivable,Active,2025-01-01,,0.0,USD,Customer receivable account (Camping),SampleGen
f3527e58-6922-47bc-8333-f23ed4b62163,ACC-Camping-1130,CID-131,Receivable,Active,2025-01-01,,0.0,USD,Customer receivable account (Camping),SampleGen
2679f7af-c691-4c20-80eb-9652aabb1146,ACC-Camping-1131,CID-132,Receivable,Active,2025-01-01,,0.0,USD,Customer receivable account (Camping),SampleGen
910aedd2-c086-41ff-9b0c-ff7fc99a5751,ACC-Camping-1132,CID-133,Receivable,Active,2025-01-01,,0.0,USD,Customer receivable account (Camping),SampleGen
7336be39-879b-4b68-b74a-f4a528bc5001,ACC-Camping-1133,CID-134,Receivable,Active,2025-01-01,,0.0,USD,Customer receivable account (Camping),SampleGen
a4fe0f4a-69c3-4b94-89ea-e90c94f8549f,ACC-Camping-1134,CID-135,Receivable,Active,2025-01-01,,0.0,USD,Customer receivable account (Camping),SampleGen
a4fd5599-9a1b-49bc-802b-ff89749939a4,ACC-Camping-1135,CID-136,Receivable,Active,2025-01-01,,0.0,USD,Customer receivable account (Camping),SampleGen
41c4dfb2-01a2-4fec-9be2-bed19594ba14,ACC-Camping-1136,CID-137,Receivable,Active,2025-01-01,,0.0,USD,Customer receivable account (Camping),SampleGen
8980aa9e-202d-4e08-b642-6fe66c1b916b,ACC-Camping-1137,CID-138,Receivable,Active,2025-01-01,,0.0,USD,Customer receivable account (Camping),SampleGen
8a9984eb-820f-4683-af69-dbfe23515e6f,ACC-Camping-1138,CID-139,Receivable,Active,2025-01-01,,0.0,USD,Customer receivable account (Camping),SampleGen
2bd477eb-ec6f-4900-8827-7337db397ca3,ACC-Camping-1139,CID-140,Receivable,Active,2025-01-01,,0.0,USD,Customer receivable account (Camping),SampleGen
d87ea418-ed11-499c-9b7a-1afcb09b2a03,ACC-Camping-1140,CID-141,Receivable,Active,2025-01-01,,0.0,USD,Customer receivable account (Camping),SampleGen
021db67d-c1e7-4b92-be1c-2a6ccbd75001,ACC-Camping-1141,CID-142,Receivable,Active,2025-01-01,,0.0,USD,Customer receivable account (Camping),SampleGen
26565452-7e76-428c-b70a-a032cc6700d3,ACC-Camping-1142,CID-143,Receivable,Active,2025-01-01,,0.0,USD,Customer receivable account (Camping),SampleGen
e67c8986-dc47-4405-8c9a-a8435425675f,ACC-Camping-1143,CID-144,Receivable,Active,2025-01-01,,0.0,USD,Customer receivable account (Camping),SampleGen
56ea5f96-e889-4967-ad58-53c852ea18dc,ACC-Camping-1144,CID-145,Receivable,Active,2025-01-01,,0.0,USD,Customer receivable account (Camping),SampleGen
d655ff27-f64c-46c8-8494-98a3fa6bb6a8,ACC-Camping-1145,CID-146,Receivable,Active,2025-01-01,,0.0,USD,Customer receivable account (Camping),SampleGen
2a8ef84e-3ba1-451f-acab-1fa4085f812b,ACC-Camping-1146,CID-147,Receivable,Active,2025-01-01,,0.0,USD,Customer receivable account (Camping),SampleGen
53b74ee1-0ccf-47db-a239-ec1127e420a8,ACC-Camping-1147,CID-148,Receivable,Active,2025-01-01,,0.0,USD,Customer receivable account (Camping),SampleGen
6def3ab7-7e8b-4ac4-bc66-d93bd1ed8afb,ACC-Camping-1148,CID-149,Receivable,Active,2025-01-01,,0.0,USD,Customer receivable account (Camping),SampleGen
72c986b7-5199-4356-be2f-94001f37c6c4,ACC-Camping-1149,CID-150,Receivable,Active,2025-01-01,,0.0,USD,Customer receivable account (Camping),SampleGen
69acd076-a753-4ead-b65d-beb9d5fb7d9a,ACC-Camping-1150,CID-151,Receivable,Active,2025-01-01,,0.0,USD,Customer receivable account (Camping),SampleGen
7a64db52-4460-434b-970b-fe1407105725,ACC-Camping-1151,CID-152,Receivable,Active,2025-01-01,,0.0,USD,Customer receivable account (Camping),SampleGen
bdc125b3-1adf-457a-b7da-9ee72bfb1558,ACC-Camping-1152,CID-153,Receivable,Active,2025-01-01,,0.0,USD,Customer receivable account (Camping),SampleGen
3a14f16b-d5d7-492c-97a1-85899b903380,ACC-Camping-1153,CID-154,Receivable,Active,2025-01-01,,0.0,USD,Customer receivable account (Camping),SampleGen
53595ae9-7c67-4d6e-83e8-65beb105dd70,ACC-Camping-1154,CID-155,Receivable,Active,2025-01-01,,0.0,USD,Customer receivable account (Camping),SampleGen
f82880d0-3304-40d1-857c-2df6ca7b059a,ACC-Camping-1155,CID-156,Receivable,Active,2025-01-01,,0.0,USD,Customer receivable account (Camping),SampleGen
69050430-52b5-4843-8a6a-88977245f636,ACC-Camping-1156,CID-157,Receivable,Active,2025-01-01,,0.0,USD,Customer receivable account (Camping),SampleGen
2b747791-40bb-48cb-a994-26d0489328aa,ACC-Camping-1157,CID-158,Receivable,Active,2025-01-01,,0.0,USD,Customer receivable account (Camping),SampleGen
3572579e-2431-4faa-bdbf-403c5279c533,ACC-Camping-1158,CID-159,Receivable,Active,2025-01-01,,0.0,USD,Customer receivable account (Camping),SampleGen
b8d5e397-1ecd-47fe-95f0-e8e9dbee2dfb,ACC-Camping-1159,CID-160,Receivable,Active,2025-01-01,,0.0,USD,Customer receivable account (Camping),SampleGen
a2749cc2-8602-47e9-a79b-595012af424b,ACC-Camping-1160,CID-161,Receivable,Active,2025-01-01,,0.0,USD,Customer receivable account (Camping),SampleGen
55687521-3cc9-416b-85e2-1df8b38be860,ACC-Camping-1161,CID-162,Receivable,Active,2025-01-01,,0.0,USD,Customer receivable account (Camping),SampleGen
365eeb4c-1bf2-4049-a542-6061d99925ff,ACC-Camping-1162,CID-163,Receivable,Active,2025-01-01,,0.0,USD,Customer receivable account (Camping),SampleGen
466b2282-87d1-47c4-9f2c-b3477259be76,ACC-Camping-1163,CID-164,Receivable,Active,2025-01-01,,0.0,USD,Customer receivable account (Camping),SampleGen
b31b0874-fbb0-4641-8026-4c0aecdbb59a,ACC-Camping-1164,CID-165,Receivable,Active,2025-01-01,,0.0,USD,Customer receivable account (Camping),SampleGen
509ef52a-22cf-4db2-9d57-62b9eff54b24,ACC-Camping-1165,CID-166,Receivable,Active,2025-01-01,,0.0,USD,Customer receivable account (Camping),SampleGen
a6b1e14f-3153-453d-943f-90bd85a90304,ACC-Camping-1166,CID-167,Receivable,Active,2025-01-01,,0.0,USD,Customer receivable account (Camping),SampleGen
f8e7628e-801d-4033-adba-09e8c7bca6d6,ACC-Camping-1167,CID-168,Receivable,Active,2025-01-01,,0.0,USD,Customer receivable account (Camping),SampleGen
505494a9-1444-41f2-a422-788a6cab0d50,ACC-Camping-1168,CID-169,Receivable,Active,2025-01-01,,0.0,USD,Customer receivable account (Camping),SampleGen
6b01cea8-2b3c-4c8c-8314-c6d0f439788d,ACC-Camping-1169,CID-170,Receivable,Active,2025-01-01,,0.0,USD,Customer receivable account (Camping),SampleGen
96cd375d-19b1-423c-a8a2-b4f5465e10cd,ACC-Camping-1170,CID-171,Receivable,Active,2025-01-01,,0.0,USD,Customer receivable account (Camping),SampleGen
86b43ef4-ec4a-487c-9f77-047f5822c986,ACC-Camping-1171,CID-172,Receivable,Active,2025-01-01,,0.0,USD,Customer receivable account (Camping),SampleGen
45b2fb79-616d-40b4-8ac5-35c3f6827a71,ACC-Camping-1172,CID-173,Receivable,Active,2025-01-01,,0.0,USD,Customer receivable account (Camping),SampleGen
41769e45-d267-4790-a2ac-19525741e69d,ACC-Camping-1173,CID-174,Receivable,Active,2025-01-01,,0.0,USD,Customer receivable account (Camping),SampleGen
7f7aa6ca-c802-43e5-bc05-091693dd2d2a,ACC-Camping-1174,CID-175,Receivable,Active,2025-01-01,,0.0,USD,Customer receivable account (Camping),SampleGen
dd34f251-46a9-4525-940c-fbb238929545,ACC-Camping-1175,CID-176,Receivable,Active,2025-01-01,,0.0,USD,Customer receivable account (Camping),SampleGen
e6ed4d4f-c128-4281-b040-33f7f2c56281,ACC-Camping-1176,CID-177,Receivable,Active,2025-01-01,,0.0,USD,Customer receivable account (Camping),SampleGen
478c89a1-a072-4f47-88a2-804ffad15e48,ACC-Camping-1177,CID-178,Receivable,Active,2025-01-01,,0.0,USD,Customer receivable account (Camping),SampleGen
c16134f6-961a-43d1-8205-8a472ae294a6,ACC-Camping-1178,CID-179,Receivable,Active,2025-01-01,,0.0,USD,Customer receivable account (Camping),SampleGen
f7669deb-d73c-4d8c-bd2c-1bb10d64bfde,ACC-Camping-1179,CID-180,Receivable,Active,2025-01-01,,0.0,USD,Customer receivable account (Camping),SampleGen
5ba9d32a-b82c-4be3-b7b5-11359a6b8335,ACC-Camping-1180,CID-181,Receivable,Active,2025-01-01,,0.0,USD,Customer receivable account (Camping),SampleGen
8acafa0e-5fae-4497-b46a-ab3daada61c6,ACC-Camping-1181,CID-182,Receivable,Active,2025-01-01,,0.0,USD,Customer receivable account (Camping),SampleGen
ab4ad290-0dda-4d37-bd50-29f5e0c9bb78,ACC-Camping-1182,CID-183,Receivable,Active,2025-01-01,,0.0,USD,Customer receivable account (Camping),SampleGen
8ee7a3b6-3f43-414d-abe7-bb7bef966328,ACC-Camping-1183,CID-184,Receivable,Active,2025-01-01,,0.0,USD,Customer receivable account (Camping),SampleGen
c343711b-a802-420f-a42b-de25b3f49252,ACC-Camping-1184,CID-185,Receivable,Active,2025-01-01,,0.0,USD,Customer receivable account (Camping),SampleGen
86b91045-c13d-4a3c-8630-dc27f6905960,ACC-Camping-1185,CID-186,Receivable,Active,2025-01-01,,0.0,USD,Customer receivable account (Camping),SampleGen
fa79cdd6-2085-4026-b918-d5ccd84a2f64,ACC-Camping-1186,CID-187,Receivable,Active,2025-01-01,,0.0,USD,Customer receivable account (Camping),SampleGen
87a81637-e702-4d34-8147-416b6f8155e9,ACC-Camping-1187,CID-188,Receivable,Active,2025-01-01,,0.0,USD,Customer receivable account (Camping),SampleGen
7d749f67-226a-4fcc-9ff1-d51e59b98f16,ACC-Camping-1188,CID-189,Receivable,Active,2025-01-01,,0.0,USD,Customer receivable account (Camping),SampleGen
f471b2df-69b3-437d-a3c7-da50e924b9dc,ACC-Camping-1189,CID-190,Receivable,Active,2025-01-01,,0.0,USD,Customer receivable account (Camping),SampleGen
ccdd201c-fa6a-4f66-9547-5a8ce2029f9b,ACC-Camping-1190,CID-191,Receivable,Active,2025-01-01,,0.0,USD,Customer receivable account (Camping),SampleGen
1dfb4887-8f98-4a69-88b4-4990ece45979,ACC-Camping-1191,CID-192,Receivable,Active,2025-01-01,,0.0,USD,Customer receivable account (Camping),SampleGen
cb566fd4-531c-46ea-9808-7a0afbd542e5,ACC-Camping-1192,CID-193,Receivable,Active,2025-01-01,,0.0,USD,Customer receivable account (Camping),SampleGen
d59bbb9a-8798-42ae-9a76-4c11d2fb6998,ACC-Camping-1193,CID-194,Receivable,Active,2025-01-01,,0.0,USD,Customer receivable account (Camping),SampleGen
2869a29f-68f6-4c5b-b813-e3fd196b502a,ACC-Camping-1194,CID-195,Receivable,Active,2025-01-01,,0.0,USD,Customer receivable account (Camping),SampleGen
7a8898d7-0e81-41db-abd1-24654d690a3d,ACC-Camping-1195,CID-196,Receivable,Active,2025-01-01,,0.0,USD,Customer receivable account (Camping),SampleGen
727768cf-e554-4408-9461-25b640b8175c,ACC-Camping-1196,CID-197,Receivable,Active,2025-01-01,,0.0,USD,Customer receivable account (Camping),SampleGen
7385fc3f-ba80-4a30-9445-366cf726a8d2,ACC-Camping-1197,CID-198,Receivable,Active,2025-01-01,,0.0,USD,Customer receivable account (Camping),SampleGen
44ec9d4d-46d7-4fc0-97d1-e6841fcaa821,ACC-Camping-1198,CID-199,Receivable,Active,2025-01-01,,0.0,USD,Customer receivable account (Camping),SampleGen
e31631ae-50c3-43b0-b554-cfa9d59c340c,ACC-Camping-1199,CID-200,Receivable,Active,2025-01-01,,0.0,USD,Customer receivable account (Camping),SampleGen
f6049e14-f445-4849-a3b3-6ee65ae90cf8,ACC-Camping-1200,CID-201,Receivable,Active,2025-01-01,,0.0,USD,Customer receivable account (Camping),SampleGen
d80dd7f2-cd8f-4a06-97aa-4edc45217816,ACC-Camping-1201,CID-202,Receivable,Active,2025-01-01,,0.0,USD,Customer receivable account (Camping),SampleGen
4ad2cfec-a280-4b0d-8a5d-f172f173eaf6,ACC-Camping-1202,CID-203,Receivable,Active,2025-01-01,,0.0,USD,Customer receivable account (Camping),SampleGen
d56b58a3-97b6-445c-ad40-e9ed0f1945fa,ACC-Camping-1203,CID-204,Receivable,Active,2025-01-01,,0.0,USD,Customer receivable account (Camping),SampleGen
274b9a52-5e53-4296-900a-303ce0fb798c,ACC-Camping-1204,CID-205,Receivable,Active,2025-01-01,,0.0,USD,Customer receivable account (Camping),SampleGen
fb4e4adf-a7fc-4625-b1f2-950089615a00,ACC-Camping-1205,CID-206,Receivable,Active,2025-01-01,,0.0,USD,Customer receivable account (Camping),SampleGen
b4e624e2-71ec-4356-9d30-bf9c0614d865,ACC-Camping-1206,CID-207,Receivable,Active,2025-01-01,,0.0,USD,Customer receivable account (Camping),SampleGen
0fd548e2-a54b-4434-8bf5-7b11028a9abe,ACC-Camping-1207,CID-208,Receivable,Active,2025-01-01,,0.0,USD,Customer receivable account (Camping),SampleGen
af5224f9-fd7b-4cae-b197-67543b83eb50,ACC-Camping-1208,CID-209,Receivable,Active,2025-01-01,,0.0,USD,Customer receivable account (Camping),SampleGen
efd4e0e7-fa6e-4757-ba62-f9cfb4b70a2d,ACC-Camping-1209,CID-210,Receivable,Active,2025-01-01,,0.0,USD,Customer receivable account (Camping),SampleGen
a61d5da0-11cf-498c-aee1-bfe9887f373b,ACC-Camping-1210,CID-211,Receivable,Active,2025-01-01,,0.0,USD,Customer receivable account (Camping),SampleGen
8131f7c5-9b7b-408c-9632-31fe0b0e1293,ACC-Camping-1211,CID-212,Receivable,Active,2025-01-01,,0.0,USD,Customer receivable account (Camping),SampleGen
af437f37-0b59-45e1-8343-361473062ea5,ACC-Camping-1212,CID-213,Receivable,Active,2025-01-01,,0.0,USD,Customer receivable account (Camping),SampleGen
97a88b82-4d40-41c6-822a-2c322b06b171,ACC-Camping-1213,CID-214,Receivable,Active,2025-01-01,,0.0,USD,Customer receivable account (Camping),SampleGen
7bdad505-3730-4acb-95bf-91135dc05a92,ACC-Camping-1214,CID-215,Receivable,Active,2025-01-01,,0.0,USD,Customer receivable account (Camping),SampleGen
65d89f6d-dc87-4ec3-9406-ccd9f28e64e7,ACC-Camping-1215,CID-216,Receivable,Active,2025-01-01,,0.0,USD,Customer receivable account (Camping),SampleGen
c50ede65-5341-4b30-8ca4-e8016dab0599,ACC-Camping-1216,CID-217,Receivable,Active,2025-01-01,,0.0,USD,Customer receivable account (Camping),SampleGen
4d281a42-5fcd-4f8b-beb8-484bfee68b7d,ACC-Camping-1217,CID-218,Receivable,Active,2025-01-01,,0.0,USD,Customer receivable account (Camping),SampleGen
168ee3ce-e144-4fd2-ad90-28f58e9a72b6,ACC-Camping-1218,CID-219,Receivable,Active,2025-01-01,,0.0,USD,Customer receivable account (Camping),SampleGen
e978988e-34e6-432a-a6d8-5583a2685f71,ACC-Camping-1219,CID-220,Receivable,Active,2025-01-01,,0.0,USD,Customer receivable account (Camping),SampleGen
bec1ec7d-dd53-4dda-b611-083acbe58d09,ACC-Camping-1220,CID-221,Receivable,Active,2025-01-01,,0.0,USD,Customer receivable account (Camping),SampleGen
59cf14c8-240f-42c5-abed-43118dd37c37,ACC-Camping-1221,CID-222,Receivable,Active,2025-01-01,,0.0,USD,Customer receivable account (Camping),SampleGen
9f0f05da-66ec-457f-aa22-cc09af3be57d,ACC-Camping-1222,CID-223,Receivable,Active,2025-01-01,,0.0,USD,Customer receivable account (Camping),SampleGen
a68184ef-2cdf-4da2-8dc7-f99d49f234e1,ACC-Camping-1223,CID-224,Receivable,Active,2025-01-01,,0.0,USD,Customer receivable account (Camping),SampleGen
74f5d3ca-7f92-4bca-90fd-2953aefecac7,ACC-Camping-1224,CID-225,Receivable,Active,2025-01-01,,0.0,USD,Customer receivable account (Camping),SampleGen
678677ff-141d-4866-9a1d-ba88857aec81,ACC-Camping-1225,CID-226,Receivable,Active,2025-01-01,,0.0,USD,Customer receivable account (Camping),SampleGen
6489ba33-c24e-409c-bf11-f98664ec0f7b,ACC-Camping-1226,CID-227,Receivable,Active,2025-01-01,,0.0,USD,Customer receivable account (Camping),SampleGen
12bdbf27-36f9-48a4-ad8b-80ba0cf3846b,ACC-Camping-1227,CID-228,Receivable,Active,2025-01-01,,0.0,USD,Customer receivable account (Camping),SampleGen
fb522b6d-e879-44cd-86dc-14d463aed9ce,ACC-Camping-1228,CID-229,Receivable,Active,2025-01-01,,0.0,USD,Customer receivable account (Camping),SampleGen
121fb04c-45c3-4e81-9d60-d75bb562238f,ACC-Camping-1229,CID-230,Receivable,Active,2025-01-01,,0.0,USD,Customer receivable account (Camping),SampleGen
903992b8-bf9f-4fc3-833c-45327c604c71,ACC-Camping-1230,CID-231,Receivable,Active,2025-01-01,,0.0,USD,Customer receivable account (Camping),SampleGen
0d55a582-d786-47dd-a20d-37e8c9aa784f,ACC-Camping-1231,CID-232,Receivable,Active,2025-01-01,,0.0,USD,Customer receivable account (Camping),SampleGen
4de3c7fc-3bd7-4d17-a999-1c65222e4fcc,ACC-Camping-1232,CID-233,Receivable,Active,2025-01-01,,0.0,USD,Customer receivable account (Camping),SampleGen
396268f1-0704-4051-9a18-1a6512a09c3e,ACC-Camping-1233,CID-234,Receivable,Active,2025-01-01,,0.0,USD,Customer receivable account (Camping),SampleGen
c474089a-05df-4766-8012-65381cd1ddfe,ACC-Camping-1234,CID-235,Receivable,Active,2025-01-01,,0.0,USD,Customer receivable account (Camping),SampleGen
26bc7ae3-a28a-432a-8664-307e3362aa39,ACC-Camping-1235,CID-236,Receivable,Active,2025-01-01,,0.0,USD,Customer receivable account (Camping),SampleGen
564f9c57-945a-4c42-96bd-476b9a6402b6,ACC-Camping-1236,CID-237,Receivable,Active,2025-01-01,,0.0,USD,Customer receivable account (Camping),SampleGen
6fcdab1d-862b-45dd-b956-1dc9d1bcda6b,ACC-Camping-1237,CID-238,Receivable,Active,2025-01-01,,0.0,USD,Customer receivable account (Camping),SampleGen
ed1f0f68-55ba-4e37-b606-c90ef434947b,ACC-Camping-1238,CID-239,Receivable,Active,2025-01-01,,0.0,USD,Customer receivable account (Camping),SampleGen
a5e2b7ec-e470-4383-8d4e-0973d2ab2e7f,ACC-Camping-1239,CID-240,Receivable,Active,2025-01-01,,0.0,USD,Customer receivable account (Camping),SampleGen
0f3c10d8-b6d1-4f01-bc2b-d100ed0af07c,ACC-Camping-1240,CID-241,Receivable,Active,2025-01-01,,0.0,USD,Customer receivable account (Camping),SampleGen
ba7d6e96-e748-439f-88d4-84f9c312eeb9,ACC-Camping-1241,CID-242,Receivable,Active,2025-01-01,,0.0,USD,Customer receivable account (Camping),SampleGen
090c475c-fd09-4b48-bf1c-f0a808b0cb68,ACC-Camping-1242,CID-243,Receivable,Active,2025-01-01,,0.0,USD,Customer receivable account (Camping),SampleGen
76c0b247-3294-4279-94a9-10fd83e14730,ACC-Camping-1243,CID-244,Receivable,Active,2025-01-01,,0.0,USD,Customer receivable account (Camping),SampleGen
4eb8cb92-8995-43e6-bea5-2644fce900a5,ACC-Camping-1244,CID-245,Receivable,Active,2025-01-01,,0.0,USD,Customer receivable account (Camping),SampleGen
fbbbfdf3-f428-4868-b880-c8c3db7d5a05,ACC-Camping-1245,CID-246,Receivable,Active,2025-01-01,,0.0,USD,Customer receivable account (Camping),SampleGen
e73128b1-4ccd-4789-8f4f-c3943e468d55,ACC-Camping-1246,CID-247,Receivable,Active,2025-01-01,,0.0,USD,Customer receivable account (Camping),SampleGen
4b6cd473-5420-4da0-bee3-0743e471bf28,ACC-Camping-1247,CID-248,Receivable,Active,2025-01-01,,0.0,USD,Customer receivable account (Camping),SampleGen
8b441a77-3d36-4da8-bd5c-1edd3f887f85,ACC-Camping-1248,CID-249,Receivable,Active,2025-01-01,,0.0,USD,Customer receivable account (Camping),SampleGen
41b6a61a-fd0d-4550-9628-fad04db038e7,ACC-Camping-1249,CID-250,Receivable,Active,2025-01-01,,0.0,USD,Customer receivable account (Camping),SampleGen
b7fe65f3-5850-4110-b8af-9099dc7845b0,ACC-Camping-1250,CID-251,Receivable,Active,2025-01-01,,0.0,USD,Customer receivable account (Camping),SampleGen
4d1d5827-68b9-4074-8b9e-a8b5e018f0b6,ACC-Camping-1251,CID-252,Receivable,Active,2025-01-01,,0.0,USD,Customer receivable account (Camping),SampleGen
fbd2e212-70b0-49ed-b1da-7df3fe7e30a1,ACC-Camping-1252,CID-253,Receivable,Active,2025-01-01,,0.0,USD,Customer receivable account (Camping),SampleGen
f56073f8-7597-44b6-b303-6e87b19685c5,ACC-Camping-1253,CID-254,Receivable,Active,2025-01-01,,0.0,USD,Customer receivable account (Camping),SampleGen
6323d3a1-1217-4ab4-ae67-e98b34432175,ACC-Camping-1254,CID-255,Receivable,Active,2025-01-01,,0.0,USD,Customer receivable account (Camping),SampleGen
7aae7278-110b-4ab4-b446-f49f2d96372e,ACC-Camping-1255,CID-256,Receivable,Active,2025-01-01,,0.0,USD,Customer receivable account (Camping),SampleGen
5dc4f443-9854-4491-aed8-c68f9638decd,ACC-Camping-1256,CID-257,Receivable,Active,2025-01-01,,0.0,USD,Customer receivable account (Camping),SampleGen
3ae0f217-af62-4405-a1aa-367fb46e6b83,ACC-Camping-1257,CID-258,Receivable,Active,2025-01-01,,0.0,USD,Customer receivable account (Camping),SampleGen
4e0aba29-9b56-4b88-90cd-3d1c9204a6e5,ACC-Camping-1258,CID-259,Receivable,Active,2025-01-01,,0.0,USD,Customer receivable account (Camping),SampleGen
c06023a7-b784-44eb-bb2c-314490532e19,ACC-Camping-1259,CID-260,Receivable,Active,2025-01-01,,0.0,USD,Customer receivable account (Camping),SampleGen
92e344ea-85cb-49ac-93a9-d3ee591e574b,ACC-Camping-1260,CID-261,Receivable,Active,2025-01-01,,0.0,USD,Customer receivable account (Camping),SampleGen
ff9968fc-05d3-469b-af2f-ee4e442c6e15,ACC-Camping-1261,CID-262,Receivable,Active,2025-01-01,,0.0,USD,Customer receivable account (Camping),SampleGen
90df57d6-a460-486d-9798-02ba1ddc1d59,ACC-Camping-1262,CID-263,Receivable,Active,2025-01-01,,0.0,USD,Customer receivable account (Camping),SampleGen
1bf4363d-7c0c-4d85-8a84-1816dc772aa1,ACC-Camping-1263,CID-264,Receivable,Active,2025-01-01,,0.0,USD,Customer receivable account (Camping),SampleGen
0d0d6dcc-314a-4837-8141-9ca7182cc76f,ACC-Camping-1264,CID-265,Receivable,Active,2025-01-01,,0.0,USD,Customer receivable account (Camping),SampleGen
7385bdcb-888a-4a29-8aef-263dd84d468a,ACC-Camping-1265,CID-266,Receivable,Active,2025-01-01,,0.0,USD,Customer receivable account (Camping),SampleGen
45700f64-4855-4cc7-b00c-ed934d92eec7,ACC-Camping-1266,CID-267,Receivable,Active,2025-01-01,,0.0,USD,Customer receivable account (Camping),SampleGen
44d3fd93-0958-43d8-8e86-09db569106a4,ACC-Camping-1267,CID-268,Receivable,Active,2025-01-01,,0.0,USD,Customer receivable account (Camping),SampleGen
68396e8c-0ff8-41e6-971d-b5c0c0f66f24,ACC-Camping-1268,CID-269,Receivable,Active,2025-01-01,,0.0,USD,Customer receivable account (Camping),SampleGen
2267d71c-3d16-4468-b03d-f5ebf0b31492,ACC-Camping-1269,CID-270,Receivable,Active,2025-01-01,,0.0,USD,Customer receivable account (Camping),SampleGen
157675e5-c0e4-4408-b49d-28d19ecc3aa0,ACC-Camping-1270,CID-271,Receivable,Active,2025-01-01,,0.0,USD,Customer receivable account (Camping),SampleGen
b32b15db-b32d-4641-a8f9-3b5ce728a1ea,ACC-Camping-1271,CID-272,Receivable,Active,2025-01-01,,0.0,USD,Customer receivable account (Camping),SampleGen
c160b245-e2d5-4765-80f1-e537877ad6aa,ACC-Camping-1272,CID-273,Receivable,Active,2025-01-01,,0.0,USD,Customer receivable account (Camping),SampleGen
1a6116be-223b-47d3-a3b7-60f68f58d508,ACC-Camping-1273,CID-274,Receivable,Active,2025-01-01,,0.0,USD,Customer receivable account (Camping),SampleGen
60afcd99-91f8-4862-894a-ef4bde825084,ACC-Camping-1274,CID-275,Receivable,Active,2025-01-01,,0.0,USD,Customer receivable account (Camping),SampleGen
6ad5be62-19cd-478b-9f63-f5f4b75e935a,ACC-Camping-1275,CID-276,Receivable,Active,2025-01-01,,0.0,USD,Customer receivable account (Camping),SampleGen
31cda1d4-d2f3-4172-9edb-5387dbf181bc,ACC-Camping-1276,CID-277,Receivable,Active,2025-01-01,,0.0,USD,Customer receivable account (Camping),SampleGen
35360ea4-66cd-49a2-a855-3cb61b909d68,ACC-Camping-1277,CID-278,Receivable,Active,2025-01-01,,0.0,USD,Customer receivable account (Camping),SampleGen
9493db4e-0c73-4087-b0f5-a06b974de584,ACC-Camping-1278,CID-279,Receivable,Active,2025-01-01,,0.0,USD,Customer receivable account (Camping),SampleGen
70930041-b9e2-4c14-a640-401a36a4e6d5,ACC-Camping-1279,CID-280,Receivable,Active,2025-01-01,,0.0,USD,Customer receivable account (Camping),SampleGen
6f05309f-ac7d-4421-a2da-e8b24331880a,ACC-Camping-1280,CID-281,Receivable,Active,2025-01-01,,0.0,USD,Customer receivable account (Camping),SampleGen
2d128c24-83cd-4cb3-bf00-1015fb6fba58,ACC-Camping-1281,CID-282,Receivable,Active,2025-01-01,,0.0,USD,Customer receivable account (Camping),SampleGen
a4a7ba9b-fccb-4799-b753-711fd41a8a40,ACC-Camping-1282,CID-283,Receivable,Active,2025-01-01,,0.0,USD,Customer receivable account (Camping),SampleGen
71584840-d851-46e4-a866-0b633cc07f5f,ACC-Camping-1283,CID-284,Receivable,Active,2025-01-01,,0.0,USD,Customer receivable account (Camping),SampleGen
6f9adba2-4454-43f1-a01c-df02f083ce0e,ACC-Camping-1284,CID-285,Receivable,Active,2025-01-01,,0.0,USD,Customer receivable account (Camping),SampleGen
f158fd68-283b-44a5-8d1d-424cf6c870dc,ACC-Camping-1285,CID-286,Receivable,Active,2025-01-01,,0.0,USD,Customer receivable account (Camping),SampleGen
8fb4457d-39a9-486e-b915-52b10d3a8487,ACC-Camping-1286,CID-287,Receivable,Active,2025-01-01,,0.0,USD,Customer receivable account (Camping),SampleGen
86e75165-9683-4579-8318-bd4aa83c8a03,ACC-Camping-1287,CID-288,Receivable,Active,2025-01-01,,0.0,USD,Customer receivable account (Camping),SampleGen
fdcc3a68-e46e-44b4-ae6a-19674f64f475,ACC-Camping-1288,CID-289,Receivable,Active,2025-01-01,,0.0,USD,Customer receivable account (Camping),SampleGen
9e4eb813-795c-409a-a78e-0e7d98adedf5,ACC-Camping-1289,CID-290,Receivable,Active,2025-01-01,,0.0,USD,Customer receivable account (Camping),SampleGen
c1dd242c-1a5b-4375-a5ce-eb146f8fb088,ACC-Camping-1290,CID-291,Receivable,Active,2025-01-01,,0.0,USD,Customer receivable account (Camping),SampleGen
2d94e1f5-008f-461a-862e-745e21077711,ACC-Camping-1291,CID-292,Receivable,Active,2025-01-01,,0.0,USD,Customer receivable account (Camping),SampleGen
12c41763-1b41-41c8-823e-81873c2e4cdb,ACC-Camping-1292,CID-293,Receivable,Active,2025-01-01,,0.0,USD,Customer receivable account (Camping),SampleGen
b47a9011-e1ab-4d46-b7e6-24d3d312e2bd,ACC-Camping-1293,CID-294,Receivable,Active,2025-01-01,,0.0,USD,Customer receivable account (Camping),SampleGen
c5ed0780-b2ba-4d1e-a8a4-57b75fa0143f,ACC-Camping-1294,CID-295,Receivable,Active,2025-01-01,,0.0,USD,Customer receivable account (Camping),SampleGen
72fea408-7032-4e9e-96d4-0eed91b77d50,ACC-Camping-1295,CID-296,Receivable,Active,2025-01-01,,0.0,USD,Customer receivable account (Camping),SampleGen
2538ad79-882c-4ffc-a587-6d15fdb56af4,ACC-Camping-1296,CID-297,Receivable,Active,2025-01-01,,0.0,USD,Customer receivable account (Camping),SampleGen
fb5a133c-fe2b-4c1a-896b-b6cc3f930787,ACC-Camping-1297,CID-298,Receivable,Active,2025-01-01,,0.0,USD,Customer receivable account (Camping),SampleGen
11ad12b7-c046-4684-9217-ae701011336a,ACC-Camping-1298,CID-299,Receivable,Active,2025-01-01,,0.0,USD,Customer receivable account (Camping),SampleGen
56b17f8c-4d65-4f0b-bd9c-45e927c68f48,ACC-Camping-1299,CID-300,Receivable,Active,2025-01-01,,0.0,USD,Customer receivable account (Camping),SampleGen
ec1940a7-734d-4c88-b84d-2213c870378c,ACC-Camping-1300,CID-301,Receivable,Active,2025-01-01,,0.0,USD,Customer receivable account (Camping),SampleGen
b3b7dab9-df46-4184-9866-d701fc798aa2,ACC-Camping-1301,CID-302,Receivable,Active,2025-01-01,,0.0,USD,Customer receivable account (Camping),SampleGen
bd14ae6f-d758-49e9-9349-20d25a793a21,ACC-Camping-1302,CID-303,Receivable,Active,2025-01-01,,0.0,USD,Customer receivable account (Camping),SampleGen
24567c03-73a2-441d-a2ab-16f089e09ba0,ACC-Camping-1303,CID-304,Receivable,Active,2025-01-01,,0.0,USD,Customer receivable account (Camping),SampleGen
e63b3e8f-7def-4d41-a0da-6ea8f717f156,ACC-Camping-1304,CID-305,Receivable,Active,2025-01-01,,0.0,USD,Customer receivable account (Camping),SampleGen
24d5dbcd-7164-48e4-bc2b-5df36410b531,ACC-Camping-1305,CID-306,Receivable,Active,2025-01-01,,0.0,USD,Customer receivable account (Camping),SampleGen
4ad7d957-4ca0-4656-9b34-31ab41f71f04,ACC-Camping-1306,CID-307,Receivable,Active,2025-01-01,,0.0,USD,Customer receivable account (Camping),SampleGen
d5191c72-3888-4f5d-913d-6e37a797ffdc,ACC-Camping-1307,CID-308,Receivable,Active,2025-01-01,,0.0,USD,Customer receivable account (Camping),SampleGen
632e3f32-c605-48de-be29-2fec15476f52,ACC-Camping-1308,CID-309,Receivable,Active,2025-01-01,,0.0,USD,Customer receivable account (Camping),SampleGen
39fd2316-5949-4ad0-bd96-7333ec665ba9,ACC-Camping-1309,CID-310,Receivable,Active,2025-01-01,,0.0,USD,Customer receivable account (Camping),SampleGen
19a2a3db-a629-4f76-ae29-2c39feef4af8,ACC-Camping-1310,CID-311,Receivable,Active,2025-01-01,,0.0,USD,Customer receivable account (Camping),SampleGen
88958545-6f6b-483a-9ddb-e44051d24953,ACC-Camping-1311,CID-312,Receivable,Active,2025-01-01,,0.0,USD,Customer receivable account (Camping),SampleGen
f23859e6-0a35-4326-b017-82ae97bb62d5,ACC-Camping-1312,CID-313,Receivable,Active,2025-01-01,,0.0,USD,Customer receivable account (Camping),SampleGen
27737ae0-105e-48f6-a6b1-95fd5a6b12cb,ACC-Camping-1313,CID-314,Receivable,Active,2025-01-01,,0.0,USD,Customer receivable account (Camping),SampleGen
9450c0f8-1ad8-4e75-9c38-c8d8ffe3a456,ACC-Camping-1314,CID-315,Receivable,Active,2025-01-01,,0.0,USD,Customer receivable account (Camping),SampleGen
3b569e15-1688-4f67-bbc8-97185da275e4,ACC-Camping-1315,CID-316,Receivable,Active,2025-01-01,,0.0,USD,Customer receivable account (Camping),SampleGen
f9a7de0e-f34a-4067-a3f9-fdc66a815763,ACC-Camping-1316,CID-317,Receivable,Active,2025-01-01,,0.0,USD,Customer receivable account (Camping),SampleGen
68b41d38-0f5e-45f8-b5ab-d6cf45f34a1a,ACC-Camping-1317,CID-318,Receivable,Active,2025-01-01,,0.0,USD,Customer receivable account (Camping),SampleGen
b64d7c8a-1d72-4822-b2de-a0a74358c599,ACC-Camping-1318,CID-319,Receivable,Active,2025-01-01,,0.0,USD,Customer receivable account (Camping),SampleGen
845fd945-293c-49e4-a70b-5fc6d84e88b6,ACC-Camping-1319,CID-320,Receivable,Active,2025-01-01,,0.0,USD,Customer receivable account (Camping),SampleGen
96c8f5eb-8863-4773-b2a7-32bdd15a5e21,ACC-Camping-1320,CID-321,Receivable,Active,2025-01-01,,0.0,USD,Customer receivable account (Camping),SampleGen
84f59595-6498-420d-9519-e7df573e929e,ACC-Camping-1321,CID-322,Receivable,Active,2025-01-01,,0.0,USD,Customer receivable account (Camping),SampleGen
051c543d-d109-4038-8c69-95b0e1c65ba1,ACC-Camping-1322,CID-323,Receivable,Active,2025-01-01,,0.0,USD,Customer receivable account (Camping),SampleGen
8a3007a9-c0cd-4a35-a06d-0e46ee8dcca1,ACC-Camping-1323,CID-324,Receivable,Active,2025-01-01,,0.0,USD,Customer receivable account (Camping),SampleGen
b611c688-2bd0-4ae2-b913-2fca164a318b,ACC-Camping-1324,CID-325,Receivable,Active,2025-01-01,,0.0,USD,Customer receivable account (Camping),SampleGen
74a0eac7-dfdf-413c-9568-9aaff6aa8e44,ACC-Camping-1325,CID-326,Receivable,Active,2025-01-01,,0.0,USD,Customer receivable account (Camping),SampleGen
0f28f7d0-f30a-43eb-ac89-83013f673923,ACC-Camping-1326,CID-327,Receivable,Active,2025-01-01,,0.0,USD,Customer receivable account (Camping),SampleGen
c97e7aea-38f4-40d8-b2c3-de98f08aff03,ACC-Camping-1327,CID-328,Receivable,Active,2025-01-01,,0.0,USD,Customer receivable account (Camping),SampleGen
bf40525c-65d9-4c3f-bf11-8472e91253cc,ACC-Camping-1328,CID-329,Receivable,Active,2025-01-01,,0.0,USD,Customer receivable account (Camping),SampleGen
5cde767a-5531-41d0-943a-41ae30e70364,ACC-Camping-1329,CID-330,Receivable,Active,2025-01-01,,0.0,USD,Customer receivable account (Camping),SampleGen
1a3c5800-d434-4d81-9653-eaa008646472,ACC-Camping-1330,CID-331,Receivable,Active,2025-01-01,,0.0,USD,Customer receivable account (Camping),SampleGen
09186626-564e-4263-bbfa-a5988edcf9d7,ACC-Camping-1331,CID-332,Receivable,Active,2025-01-01,,0.0,USD,Customer receivable account (Camping),SampleGen
ccf6809a-50d5-4fd2-92a3-61aa13c3536e,ACC-Camping-1332,CID-333,Receivable,Active,2025-01-01,,0.0,USD,Customer receivable account (Camping),SampleGen
3b6ce69b-14f3-498f-a2f5-d4932be30b5c,ACC-Camping-1333,CID-334,Receivable,Active,2025-01-01,,0.0,USD,Customer receivable account (Camping),SampleGen
2f239b6a-3528-4978-b3b2-2d74cc93196b,ACC-Camping-1334,CID-335,Receivable,Active,2025-01-01,,0.0,USD,Customer receivable account (Camping),SampleGen
2d739d5f-fa3d-41f0-90df-db4cf16206ba,ACC-Camping-1335,CID-336,Receivable,Active,2025-01-01,,0.0,USD,Customer receivable account (Camping),SampleGen
8cf913f2-f007-4ad1-ac4f-70fb2e28556a,ACC-Camping-1336,CID-337,Receivable,Active,2025-01-01,,0.0,USD,Customer receivable account (Camping),SampleGen
4f7733ba-015d-41ca-92ad-f6fbfcffb64e,ACC-Camping-1337,CID-338,Receivable,Active,2025-01-01,,0.0,USD,Customer receivable account (Camping),SampleGen
1f4f51b9-a205-458d-bc35-bd0110c93cc0,ACC-Camping-1338,CID-339,Receivable,Active,2025-01-01,,0.0,USD,Customer receivable account (Camping),SampleGen
17c98b67-3815-4611-880d-232889828a96,ACC-Camping-1339,CID-340,Receivable,Active,2025-01-01,,0.0,USD,Customer receivable account (Camping),SampleGen
23eabc6e-7055-453f-9670-cd1a22bd433d,ACC-Camping-1340,CID-341,Receivable,Active,2025-01-01,,0.0,USD,Customer receivable account (Camping),SampleGen
8f0f4d48-0172-4c69-b0f1-bc699f9770f9,ACC-Camping-1341,CID-342,Receivable,Active,2025-01-01,,0.0,USD,Customer receivable account (Camping),SampleGen
58239189-5ad7-4056-8525-ec0c04a7b67d,ACC-Camping-1342,CID-343,Receivable,Active,2025-01-01,,0.0,USD,Customer receivable account (Camping),SampleGen
a2e83a98-5015-429a-ab45-8d16634c1716,ACC-Camping-1343,CID-344,Receivable,Active,2025-01-01,,0.0,USD,Customer receivable account (Camping),SampleGen
bb2250db-390e-4521-bff6-ed340169e851,ACC-Camping-1344,CID-345,Receivable,Active,2025-01-01,,0.0,USD,Customer receivable account (Camping),SampleGen
f4e46c9e-28f8-49ec-989d-953899f2d9e4,ACC-Camping-1345,CID-346,Receivable,Active,2025-01-01,,0.0,USD,Customer receivable account (Camping),SampleGen
fded6c27-0ffc-4b65-bd92-cc25028c034c,ACC-Camping-1346,CID-347,Receivable,Active,2025-01-01,,0.0,USD,Customer receivable account (Camping),SampleGen
92ace91b-f80e-4ec1-a51b-53bab77c62c6,ACC-Camping-1347,CID-348,Receivable,Active,2025-01-01,,0.0,USD,Customer receivable account (Camping),SampleGen
df586680-be52-4c45-b455-396fa0d1a0e9,ACC-Camping-1348,CID-349,Receivable,Active,2025-01-01,,0.0,USD,Customer receivable account (Camping),SampleGen
99787b29-8122-4243-870f-94de002ed4f8,ACC-Camping-1349,CID-350,Receivable,Active,2025-01-01,,0.0,USD,Customer receivable account (Camping),SampleGen
f1e13f8e-51fa-49ec-a4c4-9c11f4c79429,ACC-Camping-1350,CID-351,Receivable,Active,2025-01-01,,0.0,USD,Customer receivable account (Camping),SampleGen
7fce3b26-6261-44c7-9b09-741b36cd043a,ACC-Camping-1351,CID-352,Receivable,Active,2025-01-01,,0.0,USD,Customer receivable account (Camping),SampleGen
3fec1ccd-e612-4f7b-a122-7312031d8e4d,ACC-Camping-1352,CID-353,Receivable,Active,2025-01-01,,0.0,USD,Customer receivable account (Camping),SampleGen
1041348c-8ffb-4933-b783-a15b3892f2a3,ACC-Camping-1353,CID-354,Receivable,Active,2025-01-01,,0.0,USD,Customer receivable account (Camping),SampleGen
e6323242-e884-44ca-967c-0a0bf9e21e89,ACC-Camping-1354,CID-355,Receivable,Active,2025-01-01,,0.0,USD,Customer receivable account (Camping),SampleGen
c5cbf132-e838-4a73-8864-0321ab059c85,ACC-Camping-1355,CID-356,Receivable,Active,2025-01-01,,0.0,USD,Customer receivable account (Camping),SampleGen
717db9ca-1004-4cd2-a2c4-353e3aeda08b,ACC-Camping-1356,CID-357,Receivable,Active,2025-01-01,,0.0,USD,Customer receivable account (Camping),SampleGen
70081175-8a23-4b64-9de5-77f168138508,ACC-Camping-1357,CID-358,Receivable,Active,2025-01-01,,0.0,USD,Customer receivable account (Camping),SampleGen
415fdc8e-afaf-48ec-b4b5-5e283917c146,ACC-Camping-1358,CID-359,Receivable,Active,2025-01-01,,0.0,USD,Customer receivable account (Camping),SampleGen
c0d125a7-4973-487d-b66e-cc572df628c4,ACC-Camping-1359,CID-360,Receivable,Active,2025-01-01,,0.0,USD,Customer receivable account (Camping),SampleGen
795e9a2c-cc23-4ec7-8827-0d7b35a55fa3,ACC-Camping-1360,CID-361,Receivable,Active,2025-01-01,,0.0,USD,Customer receivable account (Camping),SampleGen
da8d3fdb-a37c-40ff-a1b3-ab637786e612,ACC-Camping-1361,CID-362,Receivable,Active,2025-01-01,,0.0,USD,Customer receivable account (Camping),SampleGen
49d8336f-b7f4-4d68-a336-3a067520b009,ACC-Camping-1362,CID-363,Receivable,Active,2025-01-01,,0.0,USD,Customer receivable account (Camping),SampleGen
11b93edc-7cba-4abc-8806-0109f16bf3b4,ACC-Camping-1363,CID-364,Receivable,Active,2025-01-01,,0.0,USD,Customer receivable account (Camping),SampleGen
9b02c067-5dfe-4b78-812a-5a8e57e42efb,ACC-Camping-1364,CID-365,Receivable,Active,2025-01-01,,0.0,USD,Customer receivable account (Camping),SampleGen
0d228447-c238-4d7d-a1a0-bb26ccd28030,ACC-Camping-1365,CID-366,Receivable,Active,2025-01-01,,0.0,USD,Customer receivable account (Camping),SampleGen
49bbc96e-93a2-4e10-bc9c-0eace2cc44a8,ACC-Camping-1366,CID-367,Receivable,Active,2025-01-01,,0.0,USD,Customer receivable account (Camping),SampleGen
ea4d5cd1-2875-45ab-af34-34683909b843,ACC-Camping-1367,CID-368,Receivable,Active,2025-01-01,,0.0,USD,Customer receivable account (Camping),SampleGen
d2776dd6-5976-4d1b-a273-9c4406c67b4c,ACC-Camping-1368,CID-369,Receivable,Active,2025-01-01,,0.0,USD,Customer receivable account (Camping),SampleGen
3d8eabf0-da59-4a31-a560-c8fd20d94fc3,ACC-Camping-1369,CID-370,Receivable,Active,2025-01-01,,0.0,USD,Customer receivable account (Camping),SampleGen
3d77fe9e-478b-471e-aba6-c3bda723cc1b,ACC-Camping-1370,CID-371,Receivable,Active,2025-01-01,,0.0,USD,Customer receivable account (Camping),SampleGen
55649084-1012-42f2-b0b9-1a1e119c5b20,ACC-Camping-1371,CID-372,Receivable,Active,2025-01-01,,0.0,USD,Customer receivable account (Camping),SampleGen
45d91c3c-d0a9-49d3-8e44-dad0e456ebab,ACC-Camping-1372,CID-373,Receivable,Active,2025-01-01,,0.0,USD,Customer receivable account (Camping),SampleGen
cec75e1e-3746-423a-9540-474cfc29a534,ACC-Camping-1373,CID-374,Receivable,Active,2025-01-01,,0.0,USD,Customer receivable account (Camping),SampleGen
74a55fe8-c1ef-4c33-af28-e43b9168ccaa,ACC-Camping-1374,CID-375,Receivable,Active,2025-01-01,,0.0,USD,Customer receivable account (Camping),SampleGen
2ba9de24-6083-4b78-a69d-d7d66b5628af,ACC-Camping-1375,CID-376,Receivable,Active,2025-01-01,,0.0,USD,Customer receivable account (Camping),SampleGen
3a30f1d7-eb52-482a-816e-bd9b2ee1946a,ACC-Camping-1376,CID-377,Receivable,Active,2025-01-01,,0.0,USD,Customer receivable account (Camping),SampleGen
b5586af7-0542-4f39-853a-a0bf929a7014,ACC-Camping-1377,CID-378,Receivable,Active,2025-01-01,,0.0,USD,Customer receivable account (Camping),SampleGen
83330f78-eb81-4746-9069-4e42594097c9,ACC-Camping-1378,CID-379,Receivable,Active,2025-01-01,,0.0,USD,Customer receivable account (Camping),SampleGen
d2494085-ac6b-497a-98a7-c4ec453ec0a8,ACC-Camping-1379,CID-380,Receivable,Active,2025-01-01,,0.0,USD,Customer receivable account (Camping),SampleGen
83c92705-69ce-4134-b4d6-70f3ae608b19,ACC-Camping-1380,CID-381,Receivable,Active,2025-01-01,,0.0,USD,Customer receivable account (Camping),SampleGen
8021d3d1-53a6-4b90-affc-b1121ea08a1c,ACC-Camping-1381,CID-382,Receivable,Active,2025-01-01,,0.0,USD,Customer receivable account (Camping),SampleGen
f27d29e2-9d83-41a4-b33d-0d20a9675bdb,ACC-Camping-1382,CID-383,Receivable,Active,2025-01-01,,0.0,USD,Customer receivable account (Camping),SampleGen
7940c224-b586-4a44-a4d8-004cee66781f,ACC-Camping-1383,CID-384,Receivable,Active,2025-01-01,,0.0,USD,Customer receivable account (Camping),SampleGen
1c4106b8-670e-461e-a81f-a85722192bde,ACC-Camping-1384,CID-385,Receivable,Active,2025-01-01,,0.0,USD,Customer receivable account (Camping),SampleGen
7f6103e2-20dd-4040-9277-f35b486dc59f,ACC-Camping-1385,CID-386,Receivable,Active,2025-01-01,,0.0,USD,Customer receivable account (Camping),SampleGen
7f12973a-9757-4baa-b24d-1f5bc5957248,ACC-Camping-1386,CID-387,Receivable,Active,2025-01-01,,0.0,USD,Customer receivable account (Camping),SampleGen
b557f2fd-1ae3-46dd-9d47-a1180328d57f,ACC-Camping-1387,CID-388,Receivable,Active,2025-01-01,,0.0,USD,Customer receivable account (Camping),SampleGen
46543462-cf40-4783-9175-9fa81251f7b1,ACC-Camping-1388,CID-389,Receivable,Active,2025-01-01,,0.0,USD,Customer receivable account (Camping),SampleGen
e2a05449-4dbc-441f-9b9c-55529a0c2fe5,ACC-Camping-1389,CID-390,Receivable,Active,2025-01-01,,0.0,USD,Customer receivable account (Camping),SampleGen
441f8721-c37d-47d2-bd06-50ae22442d33,ACC-Camping-1390,CID-391,Receivable,Active,2025-01-01,,0.0,USD,Customer receivable account (Camping),SampleGen
9331e246-29d1-4023-b4fc-c09a92eaee6e,ACC-Camping-1391,CID-392,Receivable,Active,2025-01-01,,0.0,USD,Customer receivable account (Camping),SampleGen
5288f235-5e61-4b92-9f7f-fb5524b03aec,ACC-Camping-1392,CID-393,Receivable,Active,2025-01-01,,0.0,USD,Customer receivable account (Camping),SampleGen
b4f3d92d-49da-409d-ae81-39e6c09fb8b4,ACC-Camping-1393,CID-394,Receivable,Active,2025-01-01,,0.0,USD,Customer receivable account (Camping),SampleGen
bca7ab44-7713-4456-86bc-c2148bd46923,ACC-Camping-1394,CID-395,Receivable,Active,2025-01-01,,0.0,USD,Customer receivable account (Camping),SampleGen
cccd52bc-d171-49f1-9283-c2d7bb6934a2,ACC-Camping-1395,CID-396,Receivable,Active,2025-01-01,,0.0,USD,Customer receivable account (Camping),SampleGen
3d6d6ec4-a51c-4b39-b143-a369a2aee776,ACC-Camping-1396,CID-397,Receivable,Active,2025-01-01,,0.0,USD,Customer receivable account (Camping),SampleGen
2b16070d-e134-4802-99e6-e9cd385c877b,ACC-Camping-1397,CID-398,Receivable,Active,2025-01-01,,0.0,USD,Customer receivable account (Camping),SampleGen
831a3822-3b5d-474f-8f27-6f9f74f1da3b,ACC-Camping-1398,CID-399,Receivable,Active,2025-01-01,,0.0,USD,Customer receivable account (Camping),SampleGen
629cb8cb-4ce4-42be-a260-4fc70cd5347c,ACC-Camping-1399,CID-400,Receivable,Active,2025-01-01,,0.0,USD,Customer receivable account (Camping),SampleGen
ddf39580-ae0e-4fc9-a73b-f7144d2453e3,ACC-Camping-1400,CID-401,Receivable,Active,2025-01-01,,0.0,USD,Customer receivable account (Camping),SampleGen
7693ba05-4cbd-4fce-96be-064f26436c1e,ACC-Camping-1401,CID-402,Receivable,Active,2025-01-01,,0.0,USD,Customer receivable account (Camping),SampleGen
bdad212c-8d1f-45dc-a252-738d9d0ec0c3,ACC-Camping-1402,CID-403,Receivable,Active,2025-01-01,,0.0,USD,Customer receivable account (Camping),SampleGen
159c176f-e85b-4e7e-b69d-3e99d3475e40,ACC-Camping-1403,CID-404,Receivable,Active,2025-01-01,,0.0,USD,Customer receivable account (Camping),SampleGen
809996df-988d-43b5-86b0-316bd043ee28,ACC-Camping-1404,CID-405,Receivable,Active,2025-01-01,,0.0,USD,Customer receivable account (Camping),SampleGen
c3c0853d-7531-493a-ab13-66eff63f875b,ACC-Camping-1405,CID-406,Receivable,Active,2025-01-01,,0.0,USD,Customer receivable account (Camping),SampleGen
67410535-818d-40be-adf6-9536576f96ea,ACC-Camping-1406,CID-407,Receivable,Active,2025-01-01,,0.0,USD,Customer receivable account (Camping),SampleGen
01c6b14b-2c26-4c04-bd21-4b77bd431151,ACC-Camping-1407,CID-408,Receivable,Active,2025-01-01,,0.0,USD,Customer receivable account (Camping),SampleGen
5cb2568e-6fd5-4f9f-8fc4-32c2967196ff,ACC-Camping-1408,CID-409,Receivable,Active,2025-01-01,,0.0,USD,Customer receivable account (Camping),SampleGen
b051bcb1-f9c9-4cd3-b47c-1c1e549479ef,ACC-Camping-1409,CID-410,Receivable,Active,2025-01-01,,0.0,USD,Customer receivable account (Camping),SampleGen
65eed808-44e1-4ec8-8d43-19f01cd516e3,ACC-Camping-1410,CID-411,Receivable,Active,2025-01-01,,0.0,USD,Customer receivable account (Camping),SampleGen
e3825781-e83a-4821-ad97-ce13d817eee9,ACC-Camping-1411,CID-412,Receivable,Active,2025-01-01,,0.0,USD,Customer receivable account (Camping),SampleGen
cd4abb90-b39a-47e3-b9c4-1750718b695c,ACC-Camping-1412,CID-413,Receivable,Active,2025-01-01,,0.0,USD,Customer receivable account (Camping),SampleGen
0279182b-6020-45b0-afc7-32f1eec8b525,ACC-Camping-1413,CID-414,Receivable,Active,2025-01-01,,0.0,USD,Customer receivable account (Camping),SampleGen
2850afe3-acc8-4fcb-90c0-5aad4afe2064,ACC-Camping-1414,CID-415,Receivable,Active,2025-01-01,,0.0,USD,Customer receivable account (Camping),SampleGen
57f36f58-e36b-48ce-a0ac-2fc02374d0bd,ACC-Camping-1415,CID-416,Receivable,Active,2025-01-01,,0.0,USD,Customer receivable account (Camping),SampleGen
7c56dc62-deb2-42e3-ab12-dfa4a4da485b,ACC-Camping-1416,CID-417,Receivable,Active,2025-01-01,,0.0,USD,Customer receivable account (Camping),SampleGen
e7f572a6-dc31-4470-b160-d0b731370fd5,ACC-Camping-1417,CID-418,Receivable,Active,2025-01-01,,0.0,USD,Customer receivable account (Camping),SampleGen
13c0f33d-c8ca-42ca-b160-e02cf61e64d6,ACC-Camping-1418,CID-419,Receivable,Active,2025-01-01,,0.0,USD,Customer receivable account (Camping),SampleGen
07994ef0-06c4-40c9-9442-94c4ea8b24b4,ACC-Camping-1419,CID-420,Receivable,Active,2025-01-01,,0.0,USD,Customer receivable account (Camping),SampleGen
22b48fb3-f810-4f69-ba13-5ae38480c6bc,ACC-Camping-1420,CID-421,Receivable,Active,2025-01-01,,0.0,USD,Customer receivable account (Camping),SampleGen
df50dbf5-9d73-40c5-b559-5ec3fa580fa9,ACC-Camping-1421,CID-422,Receivable,Active,2025-01-01,,0.0,USD,Customer receivable account (Camping),SampleGen
2e251c6a-da25-4783-aab8-67e1b386fcb8,ACC-Camping-1422,CID-423,Receivable,Active,2025-01-01,,0.0,USD,Customer receivable account (Camping),SampleGen
e3c63d53-ebc5-4855-a3eb-7081259877c7,ACC-Camping-1423,CID-424,Receivable,Active,2025-01-01,,0.0,USD,Customer receivable account (Camping),SampleGen
ef19562c-291b-4310-a7af-344cb707392c,ACC-Camping-1424,CID-425,Receivable,Active,2025-01-01,,0.0,USD,Customer receivable account (Camping),SampleGen
6599ccbe-c278-45b5-9496-59f8e2c00b69,ACC-Camping-1425,CID-426,Receivable,Active,2025-01-01,,0.0,USD,Customer receivable account (Camping),SampleGen
06263587-2123-4159-996e-2a5c0e778059,ACC-Camping-1426,CID-427,Receivable,Active,2025-01-01,,0.0,USD,Customer receivable account (Camping),SampleGen
f8fe301c-296b-43ef-8e04-671715eb6562,ACC-Camping-1427,CID-428,Receivable,Active,2025-01-01,,0.0,USD,Customer receivable account (Camping),SampleGen
757dcec7-060e-4ea0-90df-0734864ca515,ACC-Camping-1428,CID-429,Receivable,Active,2025-01-01,,0.0,USD,Customer receivable account (Camping),SampleGen
62d9fb53-3448-4ea1-955c-db0e90f89a0d,ACC-Camping-1429,CID-430,Receivable,Active,2025-01-01,,0.0,USD,Customer receivable account (Camping),SampleGen
e1fc5d6c-646e-4226-a4e7-1ddcf2568b3d,ACC-Camping-1430,CID-431,Receivable,Active,2025-01-01,,0.0,USD,Customer receivable account (Camping),SampleGen
802736a4-e032-4d31-848a-53a9a8100390,ACC-Camping-1431,CID-432,Receivable,Active,2025-01-01,,0.0,USD,Customer receivable account (Camping),SampleGen
991c55c9-cb85-4f2a-9309-d86447b6ac81,ACC-Camping-1432,CID-433,Receivable,Active,2025-01-01,,0.0,USD,Customer receivable account (Camping),SampleGen
2cd09be5-c73d-4201-9722-6bf0acf21823,ACC-Camping-1433,CID-434,Receivable,Active,2025-01-01,,0.0,USD,Customer receivable account (Camping),SampleGen
2e4d1f6d-56d1-481f-a825-44e222520ce7,ACC-Camping-1434,CID-435,Receivable,Active,2025-01-01,,0.0,USD,Customer receivable account (Camping),SampleGen
f0ad4199-5ccb-42c8-a96e-9765c14e360c,ACC-Camping-1435,CID-436,Receivable,Active,2025-01-01,,0.0,USD,Customer receivable account (Camping),SampleGen
85c237ee-7b0f-41a7-882c-813c4d8184b9,ACC-Camping-1436,CID-437,Receivable,Active,2025-01-01,,0.0,USD,Customer receivable account (Camping),SampleGen
16083377-9b62-4cb0-a974-5f9732bcc9f3,ACC-Camping-1437,CID-438,Receivable,Active,2025-01-01,,0.0,USD,Customer receivable account (Camping),SampleGen
533c0bec-ed93-426e-b841-bb84012c3a22,ACC-Camping-1438,CID-439,Receivable,Active,2025-01-01,,0.0,USD,Customer receivable account (Camping),SampleGen
6db6d090-1d80-454d-a58a-27fca6f068be,ACC-Camping-1439,CID-440,Receivable,Active,2025-01-01,,0.0,USD,Customer receivable account (Camping),SampleGen
005d3de3-d857-4e43-b262-5a71fa4088d1,ACC-Camping-1440,CID-441,Receivable,Active,2025-01-01,,0.0,USD,Customer receivable account (Camping),SampleGen
45547be7-1b8b-4c94-acc0-4abea86037d8,ACC-Camping-1441,CID-442,Receivable,Active,2025-01-01,,0.0,USD,Customer receivable account (Camping),SampleGen
2bfdeee8-a63f-407e-8319-d383d2c7631d,ACC-Camping-1442,CID-443,Receivable,Active,2025-01-01,,0.0,USD,Customer receivable account (Camping),SampleGen
e5774699-567c-4934-bf92-b0bc5df98f98,ACC-Camping-1443,CID-444,Receivable,Active,2025-01-01,,0.0,USD,Customer receivable account (Camping),SampleGen
b4111e39-ad1d-4f43-b70b-e96284c58c35,ACC-Camping-1444,CID-445,Receivable,Active,2025-01-01,,0.0,USD,Customer receivable account (Camping),SampleGen
14b2be01-996f-4cb3-8a2f-bd994e7228b9,ACC-Camping-1445,CID-446,Receivable,Active,2025-01-01,,0.0,USD,Customer receivable account (Camping),SampleGen
e34556a6-944e-4b3a-9d63-61d576677aaa,ACC-Camping-1446,CID-447,Receivable,Active,2025-01-01,,0.0,USD,Customer receivable account (Camping),SampleGen
75fc93ff-fb11-4b09-9978-f53512003de6,ACC-Camping-1447,CID-448,Receivable,Active,2025-01-01,,0.0,USD,Customer receivable account (Camping),SampleGen
8b424bf5-2f60-423f-922b-47cd5fdf0b71,ACC-Camping-1448,CID-449,Receivable,Active,2025-01-01,,0.0,USD,Customer receivable account (Camping),SampleGen
98a316dc-ae37-4956-adab-d48b06536627,ACC-Camping-1449,CID-450,Receivable,Active,2025-01-01,,0.0,USD,Customer receivable account (Camping),SampleGen
7bfbb0fd-7117-4fc0-a5e5-2c6014138367,ACC-Camping-1450,CID-451,Receivable,Active,2025-01-01,,0.0,USD,Customer receivable account (Camping),SampleGen
ffb9a169-861f-4238-bc88-d67924d50ee2,ACC-Camping-1451,CID-452,Receivable,Active,2025-01-01,,0.0,USD,Customer receivable account (Camping),SampleGen
ae6fbff3-8f81-4d47-bd4b-0e49a8bf6440,ACC-Camping-1452,CID-453,Receivable,Active,2025-01-01,,0.0,USD,Customer receivable account (Camping),SampleGen
ed8602ed-a99f-4e4a-87e8-9ec4735dd106,ACC-Camping-1453,CID-454,Receivable,Active,2025-01-01,,0.0,USD,Customer receivable account (Camping),SampleGen
2297bf3c-b3c6-4ef0-88db-29d6ad6c90a4,ACC-Camping-1454,CID-455,Receivable,Active,2025-01-01,,0.0,USD,Customer receivable account (Camping),SampleGen
656f1559-b6b5-47d5-b84d-543b1dd34a1f,ACC-Camping-1455,CID-456,Receivable,Active,2025-01-01,,0.0,USD,Customer receivable account (Camping),SampleGen
f8a63c79-663c-46a2-bbda-cf5964e9c830,ACC-Camping-1456,CID-457,Receivable,Active,2025-01-01,,0.0,USD,Customer receivable account (Camping),SampleGen
c78eda79-fc23-4144-a52b-9d21cec500d6,ACC-Camping-1457,CID-458,Receivable,Active,2025-01-01,,0.0,USD,Customer receivable account (Camping),SampleGen
2db5d5a5-9862-4896-bbf6-22d8b00b2776,ACC-Camping-1458,CID-459,Receivable,Active,2025-01-01,,0.0,USD,Customer receivable account (Camping),SampleGen
b39147ba-8a95-465d-8d76-dc9c895b6cb3,ACC-Camping-1459,CID-460,Receivable,Active,2025-01-01,,0.0,USD,Customer receivable account (Camping),SampleGen
4879dd13-f90d-4c33-a056-4323ffa87e55,ACC-Camping-1460,CID-461,Receivable,Active,2025-01-01,,0.0,USD,Customer receivable account (Camping),SampleGen
83240630-1f2b-4975-baf4-ec4a75d90c18,ACC-Camping-1461,CID-462,Receivable,Active,2025-01-01,,0.0,USD,Customer receivable account (Camping),SampleGen
68d06aee-c5fa-4324-bbae-f3920c6072e2,ACC-Camping-1462,CID-463,Receivable,Active,2025-01-01,,0.0,USD,Customer receivable account (Camping),SampleGen
f99e2c6d-a872-49aa-ab2b-3188aa4e9da1,ACC-Camping-1463,CID-464,Receivable,Active,2025-01-01,,0.0,USD,Customer receivable account (Camping),SampleGen
c9b81f1f-0042-41aa-9f8b-086822480c48,ACC-Camping-1464,CID-465,Receivable,Active,2025-01-01,,0.0,USD,Customer receivable account (Camping),SampleGen
a6d87f43-2d3d-46aa-96d2-89b16fd08329,ACC-Camping-1465,CID-466,Receivable,Active,2025-01-01,,0.0,USD,Customer receivable account (Camping),SampleGen
cde13ed1-0e4c-4393-9415-c731a8fcff9d,ACC-Camping-1466,CID-467,Receivable,Active,2025-01-01,,0.0,USD,Customer receivable account (Camping),SampleGen
aa1a9872-0bd3-4aa6-b18c-2fee295a705f,ACC-Camping-1467,CID-468,Receivable,Active,2025-01-01,,0.0,USD,Customer receivable account (Camping),SampleGen
df108375-a2c5-4ba2-96c3-f4dee8f0f81d,ACC-Camping-1468,CID-469,Receivable,Active,2025-01-01,,0.0,USD,Customer receivable account (Camping),SampleGen
8f6f6f56-a7af-46eb-8793-e05a333e7989,ACC-Camping-1469,CID-470,Receivable,Active,2025-01-01,,0.0,USD,Customer receivable account (Camping),SampleGen
27bb7c67-7c3b-47cd-a694-8491937eff2f,ACC-Camping-1470,CID-471,Receivable,Active,2025-01-01,,0.0,USD,Customer receivable account (Camping),SampleGen
11efd370-0d15-4d89-9b6e-8265d4e0e303,ACC-Camping-1471,CID-472,Receivable,Active,2025-01-01,,0.0,USD,Customer receivable account (Camping),SampleGen
24f65a31-d0ec-432f-80e1-f58f1fe8b1a4,ACC-Camping-1472,CID-473,Receivable,Active,2025-01-01,,0.0,USD,Customer receivable account (Camping),SampleGen
44dc802e-cc37-4576-ac56-d1a9c9143a1e,ACC-Camping-1473,CID-474,Receivable,Active,2025-01-01,,0.0,USD,Customer receivable account (Camping),SampleGen
33526d21-d2e3-4d80-9b09-4a81f7decdc1,ACC-Camping-1474,CID-475,Receivable,Active,2025-01-01,,0.0,USD,Customer receivable account (Camping),SampleGen
aabb179a-1154-4c84-a26b-b9db428d62d5,ACC-Camping-1475,CID-476,Receivable,Active,2025-01-01,,0.0,USD,Customer receivable account (Camping),SampleGen
cd7a5d99-4347-4fdb-9b73-ce420adf0521,ACC-Camping-1476,CID-477,Receivable,Active,2025-01-01,,0.0,USD,Customer receivable account (Camping),SampleGen
e2b3d85d-f941-40f4-93fd-a509e64cce75,ACC-Camping-1477,CID-478,Receivable,Active,2025-01-01,,0.0,USD,Customer receivable account (Camping),SampleGen
6784543c-748e-42e5-8b3d-cc6ee0a24cf2,ACC-Camping-1478,CID-479,Receivable,Active,2025-01-01,,0.0,USD,Customer receivable account (Camping),SampleGen
ec32d99a-7820-4f6f-956d-313f1ad3b4be,ACC-Camping-1479,CID-480,Receivable,Active,2025-01-01,,0.0,USD,Customer receivable account (Camping),SampleGen
5798aab7-de33-4c6d-a785-4fa9f417a33e,ACC-Camping-1480,CID-481,Receivable,Active,2025-01-01,,0.0,USD,Customer receivable account (Camping),SampleGen
e265c4fd-30da-443f-9df5-7dee329557e2,ACC-Camping-1481,CID-482,Receivable,Active,2025-01-01,,0.0,USD,Customer receivable account (Camping),SampleGen
060b9e6c-4d30-41d3-b7c8-271de268337f,ACC-Camping-1482,CID-483,Receivable,Active,2025-01-01,,0.0,USD,Customer receivable account (Camping),SampleGen
a8c73b6c-ce36-46d6-8941-66cb3be558d6,ACC-Camping-1483,CID-484,Receivable,Active,2025-01-01,,0.0,USD,Customer receivable account (Camping),SampleGen
96206a43-b667-4ebf-a8a6-c01eb2d30514,ACC-Camping-1484,CID-485,Receivable,Active,2025-01-01,,0.0,USD,Customer receivable account (Camping),SampleGen
bd7d6323-f41a-449e-b5c4-bf33a9f19899,ACC-Camping-1485,CID-486,Receivable,Active,2025-01-01,,0.0,USD,Customer receivable account (Camping),SampleGen
53ebd203-9bb4-45e2-88d2-f4b91e842a29,ACC-Camping-1486,CID-487,Receivable,Active,2025-01-01,,0.0,USD,Customer receivable account (Camping),SampleGen
9d7f78ee-ec2c-4fcd-be49-e086163445fd,ACC-Camping-1487,CID-488,Receivable,Active,2025-01-01,,0.0,USD,Customer receivable account (Camping),SampleGen
ca9455f6-5e09-45fa-9a57-785fce80f05c,ACC-Camping-1488,CID-489,Receivable,Active,2025-01-01,,0.0,USD,Customer receivable account (Camping),SampleGen
a563a7c4-b301-4f74-af75-973a85be716c,ACC-Camping-1489,CID-490,Receivable,Active,2025-01-01,,0.0,USD,Customer receivable account (Camping),SampleGen
bd425424-c12b-4579-abdc-a6bb95b05487,ACC-Camping-1490,CID-491,Receivable,Active,2025-01-01,,0.0,USD,Customer receivable account (Camping),SampleGen
e68d1ccb-f6c1-499b-9e0b-5ef673e573a8,ACC-Camping-1491,CID-492,Receivable,Active,2025-01-01,,0.0,USD,Customer receivable account (Camping),SampleGen
b03a1832-e1c8-49ee-bb60-f82c680bfe10,ACC-Camping-1492,CID-493,Receivable,Active,2025-01-01,,0.0,USD,Customer receivable account (Camping),SampleGen
63fe3ab0-faf3-4f94-b6c0-988ca0c6ce8a,ACC-Camping-1493,CID-494,Receivable,Active,2025-01-01,,0.0,USD,Customer receivable account (Camping),SampleGen
b4605bc8-5c6d-43bf-b7ec-a7fd2fdfbeb6,ACC-Camping-1494,CID-495,Receivable,Active,2025-01-01,,0.0,USD,Customer receivable account (Camping),SampleGen
e53338e5-608e-4bd3-8b6a-004ac5f80358,ACC-Camping-1495,CID-496,Receivable,Active,2025-01-01,,0.0,USD,Customer receivable account (Camping),SampleGen
dd389b51-bc3d-46ba-8a9a-969fa9bf36ff,ACC-Camping-1496,CID-497,Receivable,Active,2025-01-01,,0.0,USD,Customer receivable account (Camping),SampleGen
34406f4a-4794-411b-a733-42b595a09959,ACC-Camping-1497,CID-498,Receivable,Active,2025-01-01,,0.0,USD,Customer receivable account (Camping),SampleGen
2e04a080-f47e-47b4-ba3a-06157678f5bb,ACC-Camping-1498,CID-499,Receivable,Active,2025-01-01,,0.0,USD,Customer receivable account (Camping),SampleGen
c9549da3-187e-4d0a-84d0-e2c632b7c4f5,ACC-Camping-1499,CID-500,Receivable,Active,2025-01-01,,0.0,USD,Customer receivable account (Camping),SampleGen
7e504b8b-ef98-4dfa-989b-def9bbd7f436,ACC-Camping-1500,CID-501,Receivable,Active,2025-01-01,,0.0,USD,Customer receivable account (Camping),SampleGen
b78fd388-5047-49d4-beb1-b5c7e765bddb,ACC-Camping-1501,CID-502,Receivable,Active,2025-01-01,,0.0,USD,Customer receivable account (Camping),SampleGen
4c6814c0-14cf-4704-b8d3-6c724da8238f,ACC-Camping-1502,CID-503,Receivable,Active,2025-01-01,,0.0,USD,Customer receivable account (Camping),SampleGen
5a294d6e-d39b-4fce-bb1f-4a26e119249a,ACC-Camping-1503,CID-504,Receivable,Active,2025-01-01,,0.0,USD,Customer receivable account (Camping),SampleGen
51d04019-d15a-4972-9ff9-dc6b7b1929e7,ACC-Camping-1504,CID-505,Receivable,Active,2025-01-01,,0.0,USD,Customer receivable account (Camping),SampleGen
d5da161c-c29f-4e17-b6bb-c0627f81b965,ACC-Camping-1505,CID-506,Receivable,Active,2025-01-01,,0.0,USD,Customer receivable account (Camping),SampleGen
7a51b4de-a103-4c95-bd92-df8e52edb243,ACC-Camping-1506,CID-507,Receivable,Active,2025-01-01,,0.0,USD,Customer receivable account (Camping),SampleGen
28afa3d7-417f-40bd-81bd-cff80520838a,ACC-Camping-1507,CID-508,Receivable,Active,2025-01-01,,0.0,USD,Customer receivable account (Camping),SampleGen
43e90ebf-25b8-4b9e-bb18-93ed2f46230d,ACC-Camping-1508,CID-509,Receivable,Active,2025-01-01,,0.0,USD,Customer receivable account (Camping),SampleGen
7755681b-3e32-4074-80ff-fe0cdfc26722,ACC-Camping-1509,CID-510,Receivable,Active,2025-01-01,,0.0,USD,Customer receivable account (Camping),SampleGen
ee31dfa1-299d-46a2-9503-37ff1efe8dcf,ACC-Camping-1510,CID-511,Receivable,Active,2025-01-01,,0.0,USD,Customer receivable account (Camping),SampleGen
c49dba6a-81a1-4e2b-9881-46308c7529cb,ACC-Camping-1511,CID-512,Receivable,Active,2025-01-01,,0.0,USD,Customer receivable account (Camping),SampleGen
96cf6c84-cea5-4097-b513-7791f1d9614b,ACC-Camping-1512,CID-513,Receivable,Active,2025-01-01,,0.0,USD,Customer receivable account (Camping),SampleGen
