AccountId,AccountNumber,CustomerId,AccountType,AccountStatus,CreatedDate,ClosedDate,Balance,Currency,Description,CreatedBy
c09c1670-23da-4647-b29a-0a9f6bab0007,ACC-Camping-1000,CID-001,Receivable,Active,2021-01-01,,0.0,USD,Customer receivable account (Camping),SampleGen
b61d03d2-5d0d-4061-8785-80507b7c20f0,ACC-Camping-1001,CID-002,Receivable,Active,2021-01-01,,0.0,USD,Customer receivable account (Camping),SampleGen
ad146d36-e8f8-4b1e-8f66-45fa7bc4119e,ACC-Camping-1002,CID-003,Receivable,Active,2021-01-01,,0.0,USD,Customer receivable account (Camping),SampleGen
aa52da68-e9b5-4e62-812b-0565e7f552f6,ACC-Camping-1003,CID-004,Receivable,Active,2021-01-01,,0.0,USD,Customer receivable account (Camping),SampleGen
f6015ba4-a6f6-40ed-9b53-2dd64709a80d,ACC-Camping-1004,CID-005,Receivable,Active,2021-01-01,,0.0,USD,Customer receivable account (Camping),SampleGen
d973b3f2-3de4-4a3a-b2c3-a7122d8d7bab,ACC-Camping-1005,CID-006,Receivable,Active,2021-01-01,,0.0,USD,Customer receivable account (Camping),SampleGen
d47bc3f8-065f-4958-8345-9bb9b02a6f39,ACC-Camping-1006,CID-007,Receivable,Active,2021-01-01,,0.0,USD,Customer receivable account (Camping),SampleGen
7537db6f-0b99-4b35-80c8-820cc5af2b0a,ACC-Camping-1007,CID-008,Receivable,Active,2021-01-01,,0.0,USD,Customer receivable account (Camping),SampleGen
b2dee894-363f-4cab-8a32-1a190dfbe417,ACC-Camping-1008,CID-009,Receivable,Active,2021-01-01,,0.0,USD,Customer receivable account (Camping),SampleGen
ece34694-e8af-4b66-91a8-79466b10584d,ACC-Camping-1009,CID-010,Receivable,Active,2021-01-01,,0.0,USD,Customer receivable account (Camping),SampleGen
4639796d-1a39-4f81-bd13-118a4e055dba,ACC-Camping-1010,CID-011,Receivable,Active,2021-01-01,,0.0,USD,Customer receivable account (Camping),SampleGen
976d3046-a1d5-4ff2-9564-83bcdfa1955b,ACC-Camping-1011,CID-012,Receivable,Active,2021-01-01,,0.0,USD,Customer receivable account (Camping),SampleGen
1eb60e4f-c793-4f2f-aba5-53e917b5270a,ACC-Camping-1012,CID-013,Receivable,Active,2021-01-01,,0.0,USD,Customer receivable account (Camping),SampleGen
d2c7301e-cdce-4bfe-93f0-1c823d55875e,ACC-Camping-1013,CID-014,Receivable,Active,2021-01-01,,0.0,USD,Customer receivable account (Camping),SampleGen
67c0dd1a-26d8-4813-a27d-6247ba03f355,ACC-Camping-1014,CID-015,Receivable,Active,2021-01-01,,0.0,USD,Customer receivable account (Camping),SampleGen
5902a63c-ddfe-4d0a-807d-5c9b492fba15,ACC-Camping-1015,CID-016,Receivable,Active,2021-01-01,,0.0,USD,Customer receivable account (Camping),SampleGen
8c874abc-4332-4117-a9cd-38f4f7fd1aff,ACC-Camping-1016,CID-017,Receivable,Active,2021-01-01,,0.0,USD,Customer receivable account (Camping),SampleGen
8b48ba5d-076a-4637-bad2-8d88bd27cb08,ACC-Camping-1017,CID-018,Receivable,Active,2021-01-01,,0.0,USD,Customer receivable account (Camping),SampleGen
a6149cd3-111f-492f-8cbe-4c6a7414f623,ACC-Camping-1018,CID-019,Receivable,Active,2021-01-01,,0.0,USD,Customer receivable account (Camping),SampleGen
b8c1b4b2-9ada-4452-a320-b67009a8f70b,ACC-Camping-1019,CID-020,Receivable,Active,2021-01-01,,0.0,USD,Customer receivable account (Camping),SampleGen
b935b95c-6ef4-49c1-899c-a51d05230e7b,ACC-Camping-1020,CID-021,Receivable,Active,2021-01-01,,0.0,USD,Customer receivable account (Camping),SampleGen
ba5ee7f9-d88c-4a01-944a-bfeab50f6549,ACC-Camping-1021,CID-022,Receivable,Active,2021-01-01,,0.0,USD,Customer receivable account (Camping),SampleGen
50dbd44d-350a-428d-8402-2a92b50f3980,ACC-Camping-1022,CID-023,Receivable,Active,2021-01-01,,0.0,USD,Customer receivable account (Camping),SampleGen
486932c7-4f10-4ab0-b525-385400d12186,ACC-Camping-1023,CID-024,Receivable,Active,2021-01-01,,0.0,USD,Customer receivable account (Camping),SampleGen
f71acccf-f2d7-41cf-a74f-194da3cfd6a8,ACC-Camping-1024,CID-025,Receivable,Active,2021-01-01,,0.0,USD,Customer receivable account (Camping),SampleGen
a1878a4f-77ee-4a69-93f4-3c1d9cf1aa38,ACC-Camping-1025,CID-026,Receivable,Active,2021-01-01,,0.0,USD,Customer receivable account (Camping),SampleGen
54ae1416-2db9-43c1-be38-17675bbcf9fa,ACC-Camping-1026,CID-027,Receivable,Active,2021-01-01,,0.0,USD,Customer receivable account (Camping),SampleGen
0f236a9c-4c1a-4724-a2f8-fb9bd204c878,ACC-Camping-1027,CID-028,Receivable,Active,2021-01-01,,0.0,USD,Customer receivable account (Camping),SampleGen
db71e1ad-a402-4437-b94d-f707121da964,ACC-Camping-1028,CID-029,Receivable,Active,2021-01-01,,0.0,USD,Customer receivable account (Camping),SampleGen
f2f825af-b7b1-4109-ad2a-9d64e5ea742e,ACC-Camping-1029,CID-030,Receivable,Active,2021-01-01,,0.0,USD,Customer receivable account (Camping),SampleGen
944f9410-ca8b-446b-838a-d6d5f818c3c4,ACC-Camping-1030,CID-031,Receivable,Active,2021-01-01,,0.0,USD,Customer receivable account (Camping),SampleGen
db4c6493-e3b1-44bb-9c96-92dda0519796,ACC-Camping-1031,CID-032,Receivable,Active,2021-01-01,,0.0,USD,Customer receivable account (Camping),SampleGen
49dcb6df-ed2e-4e73-b828-81665e7b77c5,ACC-Camping-1032,CID-033,Receivable,Active,2021-01-01,,0.0,USD,Customer receivable account (Camping),SampleGen
82412139-256d-4174-b7e7-0ff119095049,ACC-Camping-1033,CID-034,Receivable,Active,2021-01-01,,0.0,USD,Customer receivable account (Camping),SampleGen
13dded4a-313e-4d8e-a2ef-62b8ff7bfe52,ACC-Camping-1034,CID-035,Receivable,Active,2021-01-01,,0.0,USD,Customer receivable account (Camping),SampleGen
60615550-10a2-45f7-9082-05f37749ee4b,ACC-Camping-1035,CID-036,Receivable,Active,2021-01-01,,0.0,USD,Customer receivable account (Camping),SampleGen
56097535-9cff-4c9b-83c8-99863b528f13,ACC-Camping-1036,CID-037,Receivable,Active,2021-01-01,,0.0,USD,Customer receivable account (Camping),SampleGen
d8aa1d3e-0df2-49d3-b7b7-7d57389d1a5f,ACC-Camping-1037,CID-038,Receivable,Active,2021-01-01,,0.0,USD,Customer receivable account (Camping),SampleGen
9e7e2cd1-706c-4c6f-aa09-945183acc49e,ACC-Camping-1038,CID-039,Receivable,Active,2021-01-01,,0.0,USD,Customer receivable account (Camping),SampleGen
4fdfec3a-bd2c-4a92-8459-c08a9adb6b14,ACC-Camping-1039,CID-040,Receivable,Active,2021-01-01,,0.0,USD,Customer receivable account (Camping),SampleGen
4f392a48-f1cc-45e3-9024-c31b7494f309,ACC-Camping-1040,CID-041,Receivable,Active,2021-01-01,,0.0,USD,Customer receivable account (Camping),SampleGen
ec48ea5f-874e-480d-85b3-1a9ac1f4f2ff,ACC-Camping-1041,CID-042,Receivable,Active,2021-01-01,,0.0,USD,Customer receivable account (Camping),SampleGen
d58cc3de-355f-4bcf-8123-30dc82155fae,ACC-Camping-1042,CID-043,Receivable,Active,2021-01-01,,0.0,USD,Customer receivable account (Camping),SampleGen
d5484621-6fac-43c2-b3ca-91741526be48,ACC-Camping-1043,CID-044,Receivable,Active,2021-01-01,,0.0,USD,Customer receivable account (Camping),SampleGen
0f297f5e-c324-4211-bf5c-7b76d290a278,ACC-Camping-1044,CID-045,Receivable,Active,2021-01-01,,0.0,USD,Customer receivable account (Camping),SampleGen
8af28e36-f95e-44c8-accf-91d28e231392,ACC-Camping-1045,CID-046,Receivable,Active,2021-01-01,,0.0,USD,Customer receivable account (Camping),SampleGen
a9f9d770-e9c6-4997-ba6c-3c867d0d7acb,ACC-Camping-1046,CID-047,Receivable,Active,2021-01-01,,0.0,USD,Customer receivable account (Camping),SampleGen
16618bd4-ed63-4f52-a482-5a98074de279,ACC-Camping-1047,CID-048,Receivable,Active,2021-01-01,,0.0,USD,Customer receivable account (Camping),SampleGen
caa44f83-d08c-40e5-8ae9-e79c01fee9f0,ACC-Camping-1048,CID-049,Receivable,Active,2021-01-01,,0.0,USD,Customer receivable account (Camping),SampleGen
220e8e5b-6f05-4569-b84e-f85f649919dc,ACC-Camping-1049,CID-050,Receivable,Active,2021-01-01,,0.0,USD,Customer receivable account (Camping),SampleGen
43f21686-367a-4bc9-8fca-b72b41b3b34f,ACC-Camping-1050,CID-051,Receivable,Active,2021-01-01,,0.0,USD,Customer receivable account (Camping),SampleGen
9e3e9f38-2811-4ff0-b157-8f85fea96d29,ACC-Camping-1051,CID-052,Receivable,Active,2021-01-01,,0.0,USD,Customer receivable account (Camping),SampleGen
963dcab0-be70-496e-9a05-5e11281385e4,ACC-Camping-1052,CID-053,Receivable,Active,2021-01-01,,0.0,USD,Customer receivable account (Camping),SampleGen
d3d213c5-432b-4747-9391-ef48128db65e,ACC-Camping-1053,CID-054,Receivable,Active,2021-01-01,,0.0,USD,Customer receivable account (Camping),SampleGen
6b7d971d-1392-4da0-99f8-b969585ef92d,ACC-Camping-1054,CID-055,Receivable,Active,2021-01-01,,0.0,USD,Customer receivable account (Camping),SampleGen
c49708b0-f278-41fa-a750-d95f65c39635,ACC-Camping-1055,CID-056,Receivable,Active,2021-01-01,,0.0,USD,Customer receivable account (Camping),SampleGen
3b629083-d768-4be1-89de-6c2ec18b3011,ACC-Camping-1056,CID-057,Receivable,Active,2021-01-01,,0.0,USD,Customer receivable account (Camping),SampleGen
3511a5e1-8041-4e84-88fb-9c995de8fea3,ACC-Camping-1057,CID-058,Receivable,Active,2021-01-01,,0.0,USD,Customer receivable account (Camping),SampleGen
f14499b9-b9e8-416f-bdf6-72e1f14cfe07,ACC-Camping-1058,CID-059,Receivable,Active,2021-01-01,,0.0,USD,Customer receivable account (Camping),SampleGen
adf0b7d5-6455-4424-8d3f-6896bc722489,ACC-Camping-1059,CID-060,Receivable,Active,2021-01-01,,0.0,USD,Customer receivable account (Camping),SampleGen
47d4eea4-bb24-4639-b265-8075db90eb60,ACC-Camping-1060,CID-061,Receivable,Active,2021-01-01,,0.0,USD,Customer receivable account (Camping),SampleGen
1719708b-c8bd-4ee1-9868-49d1a4635098,ACC-Camping-1061,CID-062,Receivable,Active,2021-01-01,,0.0,USD,Customer receivable account (Camping),SampleGen
ccfd9c7e-2931-493f-9781-db6758a4b863,ACC-Camping-1062,CID-063,Receivable,Active,2021-01-01,,0.0,USD,Customer receivable account (Camping),SampleGen
63699a3b-3ca5-4a41-9f46-0e7f8f0e374a,ACC-Camping-1063,CID-064,Receivable,Active,2021-01-01,,0.0,USD,Customer receivable account (Camping),SampleGen
df8cdfea-49e2-4e8c-bbe4-cacd6cd7ba54,ACC-Camping-1064,CID-065,Receivable,Active,2021-01-01,,0.0,USD,Customer receivable account (Camping),SampleGen
0f883062-a3ac-4289-a548-2acb66983fe2,ACC-Camping-1065,CID-066,Receivable,Active,2021-01-01,,0.0,USD,Customer receivable account (Camping),SampleGen
fa425a73-92f8-4027-a77a-7cbb64767040,ACC-Camping-1066,CID-067,Receivable,Active,2021-01-01,,0.0,USD,Customer receivable account (Camping),SampleGen
9f1586f5-865c-456d-a8bd-c9b0330c3951,ACC-Camping-1067,CID-068,Receivable,Active,2021-01-01,,0.0,USD,Customer receivable account (Camping),SampleGen
ef8a498d-c6c8-4612-b563-b275f39b5548,ACC-Camping-1068,CID-069,Receivable,Active,2021-01-01,,0.0,USD,Customer receivable account (Camping),SampleGen
9ba1f0a6-13fb-4cdc-afd4-4c4999f5299b,ACC-Camping-1069,CID-070,Receivable,Active,2021-01-01,,0.0,USD,Customer receivable account (Camping),SampleGen
7c314e0b-f92a-49de-a738-34333811ef27,ACC-Camping-1070,CID-071,Receivable,Active,2021-01-01,,0.0,USD,Customer receivable account (Camping),SampleGen
fea746f0-f95c-4ea0-9b47-95af631947a0,ACC-Camping-1071,CID-072,Receivable,Active,2021-01-01,,0.0,USD,Customer receivable account (Camping),SampleGen
146b6eea-bc5d-4077-83db-021038372d37,ACC-Camping-1072,CID-073,Receivable,Active,2021-01-01,,0.0,USD,Customer receivable account (Camping),SampleGen
15db7047-de0b-41f8-a101-541ba55cd885,ACC-Camping-1073,CID-074,Receivable,Active,2021-01-01,,0.0,USD,Customer receivable account (Camping),SampleGen
6adf3347-bfbe-4031-ba54-48b6c911612f,ACC-Camping-1074,CID-075,Receivable,Active,2021-01-01,,0.0,USD,Customer receivable account (Camping),SampleGen
45c2ce20-e3e3-467d-966a-55789e509239,ACC-Camping-1075,CID-076,Receivable,Active,2021-01-01,,0.0,USD,Customer receivable account (Camping),SampleGen
0aa9d302-a2b4-4364-8ff4-5349fc4c0b33,ACC-Camping-1076,CID-077,Receivable,Active,2021-01-01,,0.0,USD,Customer receivable account (Camping),SampleGen
b45241f7-8900-437e-925f-a1d45d26ce8d,ACC-Camping-1077,CID-078,Receivable,Active,2021-01-01,,0.0,USD,Customer receivable account (Camping),SampleGen
7c13ccba-a030-443e-b7bb-6c77b70660d0,ACC-Camping-1078,CID-079,Receivable,Active,2021-01-01,,0.0,USD,Customer receivable account (Camping),SampleGen
3d2fc227-e733-4de5-b9dc-310907fe3584,ACC-Camping-1079,CID-080,Receivable,Active,2021-01-01,,0.0,USD,Customer receivable account (Camping),SampleGen
b9526b10-6710-4332-8047-c554bc74a4fb,ACC-Camping-1080,CID-081,Receivable,Active,2021-01-01,,0.0,USD,Customer receivable account (Camping),SampleGen
6de2d5bd-52f8-49ef-a4bb-1cf6e209c09b,ACC-Camping-1081,CID-082,Receivable,Active,2021-01-01,,0.0,USD,Customer receivable account (Camping),SampleGen
8180cc68-e79a-4220-8cb2-d950859d6cd6,ACC-Camping-1082,CID-083,Receivable,Active,2021-01-01,,0.0,USD,Customer receivable account (Camping),SampleGen
aadab891-5c4e-4997-b1b3-baf0ce4bc2f3,ACC-Camping-1083,CID-084,Receivable,Active,2021-01-01,,0.0,USD,Customer receivable account (Camping),SampleGen
b3b121e9-781a-4c55-9ab1-14b6fca96d7d,ACC-Camping-1084,CID-085,Receivable,Active,2021-01-01,,0.0,USD,Customer receivable account (Camping),SampleGen
3067aeac-da50-46ff-8ba6-1e4f1c911102,ACC-Camping-1085,CID-086,Receivable,Active,2021-01-01,,0.0,USD,Customer receivable account (Camping),SampleGen
d4cafdb4-fa63-48be-b5b4-afd451dcf4c2,ACC-Camping-1086,CID-087,Receivable,Active,2021-01-01,,0.0,USD,Customer receivable account (Camping),SampleGen
0005637a-7b54-40d7-9365-77f8c0f8e5ef,ACC-Camping-1087,CID-088,Receivable,Active,2021-01-01,,0.0,USD,Customer receivable account (Camping),SampleGen
436689eb-b005-4cc2-93f0-ae33f6719e21,ACC-Camping-1088,CID-089,Receivable,Active,2021-01-01,,0.0,USD,Customer receivable account (Camping),SampleGen
434d5f24-322f-4584-a327-1fb017c00b16,ACC-Camping-1089,CID-090,Receivable,Active,2021-01-01,,0.0,USD,Customer receivable account (Camping),SampleGen
44bc13f7-4db4-40ac-94cc-1ee633779a25,ACC-Camping-1090,CID-091,Receivable,Active,2021-01-01,,0.0,USD,Customer receivable account (Camping),SampleGen
fd5152b5-53cc-4aeb-ae12-c7aae0cf4f59,ACC-Camping-1091,CID-092,Receivable,Active,2021-01-01,,0.0,USD,Customer receivable account (Camping),SampleGen
3b954d89-c378-4fcb-865f-4e5415e4ea10,ACC-Camping-1092,CID-093,Receivable,Active,2021-01-01,,0.0,USD,Customer receivable account (Camping),SampleGen
c9b3e10f-c5d3-4c07-8ba1-4c8a26202731,ACC-Camping-1093,CID-094,Receivable,Active,2021-01-01,,0.0,USD,Customer receivable account (Camping),SampleGen
5112d612-57ef-478a-a02c-d299f90e62d6,ACC-Camping-1094,CID-095,Receivable,Active,2021-01-01,,0.0,USD,Customer receivable account (Camping),SampleGen
41d9e50c-3070-40d3-b5dd-01c7991a1c0b,ACC-Camping-1095,CID-096,Receivable,Active,2021-01-01,,0.0,USD,Customer receivable account (Camping),SampleGen
1c802b0e-56a2-4ab7-9c17-bd45de02f0ef,ACC-Camping-1096,CID-097,Receivable,Active,2021-01-01,,0.0,USD,Customer receivable account (Camping),SampleGen
8504e854-e186-4688-82d9-425323042a03,ACC-Camping-1097,CID-098,Receivable,Active,2021-01-01,,0.0,USD,Customer receivable account (Camping),SampleGen
1dabee80-f4e0-4366-8e10-2b40e052f961,ACC-Camping-1098,CID-099,Receivable,Active,2021-01-01,,0.0,USD,Customer receivable account (Camping),SampleGen
484fb60b-3778-4f99-b6b8-55b6e2e29697,ACC-Camping-1099,CID-100,Receivable,Active,2021-01-01,,0.0,USD,Customer receivable account (Camping),SampleGen
545bc5f6-8c12-4869-983b-593e03a0c789,ACC-Camping-1100,CID-101,Receivable,Active,2021-01-01,,0.0,USD,Customer receivable account (Camping),SampleGen
35023850-43b3-4a98-a2e3-38e2e5159d4d,ACC-Camping-1101,CID-102,Receivable,Active,2021-01-01,,0.0,USD,Customer receivable account (Camping),SampleGen
e7b042cf-010c-46fe-93c3-1f52dbf89d7f,ACC-Camping-1102,CID-103,Receivable,Active,2021-01-01,,0.0,USD,Customer receivable account (Camping),SampleGen
90d45876-cb34-4c05-95bd-f19995639c8a,ACC-Camping-1103,CID-104,Receivable,Active,2021-01-01,,0.0,USD,Customer receivable account (Camping),SampleGen
b4aff252-f98f-4e62-9c3a-a42727fb49dd,ACC-Camping-1104,CID-105,Receivable,Active,2021-01-01,,0.0,USD,Customer receivable account (Camping),SampleGen
238b3965-afe5-4266-a8fb-8b74d2d68602,ACC-Camping-1105,CID-106,Receivable,Active,2021-01-01,,0.0,USD,Customer receivable account (Camping),SampleGen
cdad9423-e9d8-4637-8e38-e72b49f1b333,ACC-Camping-1106,CID-107,Receivable,Active,2021-01-01,,0.0,USD,Customer receivable account (Camping),SampleGen
156056c0-99eb-409d-8d90-c783ac8738a5,ACC-Camping-1107,CID-108,Receivable,Active,2021-01-01,,0.0,USD,Customer receivable account (Camping),SampleGen
b1e79474-066a-4887-9c7c-29216bac4fb5,ACC-Camping-1108,CID-109,Receivable,Active,2021-01-01,,0.0,USD,Customer receivable account (Camping),SampleGen
4abb9f61-f690-49a6-9977-d1a4c7adc531,ACC-Camping-1109,CID-110,Receivable,Active,2021-01-01,,0.0,USD,Customer receivable account (Camping),SampleGen
fb193b45-3323-4a44-a4d8-795a3312b9b7,ACC-Camping-1110,CID-111,Receivable,Active,2021-01-01,,0.0,USD,Customer receivable account (Camping),SampleGen
99a5572a-386a-4864-ac52-cefc0670b3fe,ACC-Camping-1111,CID-112,Receivable,Active,2021-01-01,,0.0,USD,Customer receivable account (Camping),SampleGen
b4a7c57b-7bf1-4a3f-9836-7a9994f26383,ACC-Camping-1112,CID-113,Receivable,Active,2021-01-01,,0.0,USD,Customer receivable account (Camping),SampleGen
d0685bb5-c9dc-4a49-a2a0-96d26fa462fb,ACC-Camping-1113,CID-114,Receivable,Active,2021-01-01,,0.0,USD,Customer receivable account (Camping),SampleGen
c9c661aa-8124-4db3-b6d2-a25ee6a14d07,ACC-Camping-1114,CID-115,Receivable,Active,2021-01-01,,0.0,USD,Customer receivable account (Camping),SampleGen
7b730016-8714-430c-965a-94cd8528faa4,ACC-Camping-1115,CID-116,Receivable,Active,2021-01-01,,0.0,USD,Customer receivable account (Camping),SampleGen
0e44715f-faec-45d9-a388-a0116f9a2cdc,ACC-Camping-1116,CID-117,Receivable,Active,2021-01-01,,0.0,USD,Customer receivable account (Camping),SampleGen
c6d19997-2585-4950-b9a1-aff228cc7f03,ACC-Camping-1117,CID-118,Receivable,Active,2021-01-01,,0.0,USD,Customer receivable account (Camping),SampleGen
8c8485dd-f1ca-4d81-a68e-26d8579a71a7,ACC-Camping-1118,CID-119,Receivable,Active,2021-01-01,,0.0,USD,Customer receivable account (Camping),SampleGen
5a1973af-dec6-4226-9f90-2d174da4925a,ACC-Camping-1119,CID-120,Receivable,Active,2021-01-01,,0.0,USD,Customer receivable account (Camping),SampleGen
1a3a91dd-1cce-432a-ab79-92f458b874b1,ACC-Camping-1120,CID-121,Receivable,Active,2021-01-01,,0.0,USD,Customer receivable account (Camping),SampleGen
9f07850b-026d-46de-a686-8df0a2c1e3de,ACC-Camping-1121,CID-122,Receivable,Active,2021-01-01,,0.0,USD,Customer receivable account (Camping),SampleGen
e496e759-f1a4-42b9-9d46-e1cb5f601d73,ACC-Camping-1122,CID-123,Receivable,Active,2021-01-01,,0.0,USD,Customer receivable account (Camping),SampleGen
bc68495f-fd44-4f48-a80e-4f4f1b1652fd,ACC-Camping-1123,CID-124,Receivable,Active,2021-01-01,,0.0,USD,Customer receivable account (Camping),SampleGen
962f62af-cbf0-4cf3-a6e7-3b435a6b2827,ACC-Camping-1124,CID-125,Receivable,Active,2021-01-01,,0.0,USD,Customer receivable account (Camping),SampleGen
d3a1f6b6-19c2-44e0-881b-8dc86bf238a4,ACC-Camping-1125,CID-126,Receivable,Active,2021-01-01,,0.0,USD,Customer receivable account (Camping),SampleGen
f607dac6-811a-480c-bc33-47b43acadf1c,ACC-Camping-1126,CID-127,Receivable,Active,2021-01-01,,0.0,USD,Customer receivable account (Camping),SampleGen
482bcba3-9a56-4fe7-92cd-52e717d4cad6,ACC-Camping-1127,CID-128,Receivable,Active,2021-01-01,,0.0,USD,Customer receivable account (Camping),SampleGen
c58329a1-7c8d-4c54-a09a-4ee2656e4f41,ACC-Camping-1128,CID-129,Receivable,Active,2021-01-01,,0.0,USD,Customer receivable account (Camping),SampleGen
5f9ddb00-3856-4502-913b-03a328bea3e6,ACC-Camping-1129,CID-130,Receivable,Active,2021-01-01,,0.0,USD,Customer receivable account (Camping),SampleGen
b77df22f-fddf-4e51-b2d5-9b60fc507fac,ACC-Camping-1130,CID-131,Receivable,Active,2021-01-01,,0.0,USD,Customer receivable account (Camping),SampleGen
7c416ea8-2480-4c11-91e2-4f44ae06f858,ACC-Camping-1131,CID-132,Receivable,Active,2021-01-01,,0.0,USD,Customer receivable account (Camping),SampleGen
3efc7534-d10b-4ca0-8063-9415bfe09f61,ACC-Camping-1132,CID-133,Receivable,Active,2021-01-01,,0.0,USD,Customer receivable account (Camping),SampleGen
827de5ab-ac81-44ab-924b-950919278681,ACC-Camping-1133,CID-134,Receivable,Active,2021-01-01,,0.0,USD,Customer receivable account (Camping),SampleGen
1ba6b5b6-cfc0-4baa-bc88-b31d9442649e,ACC-Camping-1134,CID-135,Receivable,Active,2021-01-01,,0.0,USD,Customer receivable account (Camping),SampleGen
d00dd864-feeb-4b0f-b808-f7e57df1165a,ACC-Camping-1135,CID-136,Receivable,Active,2021-01-01,,0.0,USD,Customer receivable account (Camping),SampleGen
16592b6c-4f46-491a-8e03-9feb1367450a,ACC-Camping-1136,CID-137,Receivable,Active,2021-01-01,,0.0,USD,Customer receivable account (Camping),SampleGen
03d8f2b4-c18d-48f6-9e8b-dd92349e3b45,ACC-Camping-1137,CID-138,Receivable,Active,2021-01-01,,0.0,USD,Customer receivable account (Camping),SampleGen
1dd56833-e920-4a87-a38a-b4c8e825fbaa,ACC-Camping-1138,CID-139,Receivable,Active,2021-01-01,,0.0,USD,Customer receivable account (Camping),SampleGen
75a616a5-f0f1-4c8a-b585-536a5bc9d3d0,ACC-Camping-1139,CID-140,Receivable,Active,2021-01-01,,0.0,USD,Customer receivable account (Camping),SampleGen
f4369979-e01c-44a6-acfd-d379c6685987,ACC-Camping-1140,CID-141,Receivable,Active,2021-01-01,,0.0,USD,Customer receivable account (Camping),SampleGen
1af4462c-546d-4f55-804e-dcb360331121,ACC-Camping-1141,CID-142,Receivable,Active,2021-01-01,,0.0,USD,Customer receivable account (Camping),SampleGen
61f86538-4400-492f-806b-9431103e97ba,ACC-Camping-1142,CID-143,Receivable,Active,2021-01-01,,0.0,USD,Customer receivable account (Camping),SampleGen
44490dea-5ef2-4f4e-992c-cab31f2d0dcc,ACC-Camping-1143,CID-144,Receivable,Active,2021-01-01,,0.0,USD,Customer receivable account (Camping),SampleGen
f4a9e7e4-cc0f-4ca9-b977-45011334fcef,ACC-Camping-1144,CID-145,Receivable,Active,2021-01-01,,0.0,USD,Customer receivable account (Camping),SampleGen
2bf3851c-c19b-4bfd-94ac-213a5da3cbe2,ACC-Camping-1145,CID-146,Receivable,Active,2021-01-01,,0.0,USD,Customer receivable account (Camping),SampleGen
d6cd73a5-b020-43e0-9be2-5e9180b90113,ACC-Camping-1146,CID-147,Receivable,Active,2021-01-01,,0.0,USD,Customer receivable account (Camping),SampleGen
fe5e1ad3-32b7-43b8-aff3-927c2328f91d,ACC-Camping-1147,CID-148,Receivable,Active,2021-01-01,,0.0,USD,Customer receivable account (Camping),SampleGen
b8decf48-bf2c-4f65-a1dc-4bf9ad6c9357,ACC-Camping-1148,CID-149,Receivable,Active,2021-01-01,,0.0,USD,Customer receivable account (Camping),SampleGen
9b22a8e4-40f5-4a52-b356-99ca3439b1c4,ACC-Camping-1149,CID-150,Receivable,Active,2021-01-01,,0.0,USD,Customer receivable account (Camping),SampleGen
16d0f0e2-0485-4415-be06-91f1c599b58f,ACC-Camping-1150,CID-151,Receivable,Active,2021-01-01,,0.0,USD,Customer receivable account (Camping),SampleGen
276f4b27-6ea7-429b-a537-ec670d9691b7,ACC-Camping-1151,CID-152,Receivable,Active,2021-01-01,,0.0,USD,Customer receivable account (Camping),SampleGen
c0388472-df74-45fc-9fe2-4c728e7504b1,ACC-Camping-1152,CID-153,Receivable,Active,2021-01-01,,0.0,USD,Customer receivable account (Camping),SampleGen
18ca4110-5cb1-47ee-9e2e-da41f46e7e99,ACC-Camping-1153,CID-154,Receivable,Active,2021-01-01,,0.0,USD,Customer receivable account (Camping),SampleGen
daf13b23-1066-4492-9507-8ba0d2f85926,ACC-Camping-1154,CID-155,Receivable,Active,2021-01-01,,0.0,USD,Customer receivable account (Camping),SampleGen
b52b0309-2db0-4bd0-84fd-368b65e3af81,ACC-Camping-1155,CID-156,Receivable,Active,2021-01-01,,0.0,USD,Customer receivable account (Camping),SampleGen
2a907947-14d1-4c77-b99d-799a30c81d06,ACC-Camping-1156,CID-157,Receivable,Active,2021-01-01,,0.0,USD,Customer receivable account (Camping),SampleGen
044ab9ef-d220-44a5-94cf-1c5f5f7e9bd5,ACC-Camping-1157,CID-158,Receivable,Active,2021-01-01,,0.0,USD,Customer receivable account (Camping),SampleGen
fca5e572-f0fd-4557-8b89-744a0f9d2b86,ACC-Camping-1158,CID-159,Receivable,Active,2021-01-01,,0.0,USD,Customer receivable account (Camping),SampleGen
073ce647-aaed-4680-83d7-00dfee6f7f9b,ACC-Camping-1159,CID-160,Receivable,Active,2021-01-01,,0.0,USD,Customer receivable account (Camping),SampleGen
f0281d46-f1b1-4fd1-9b4d-c47c10ccca6f,ACC-Camping-1160,CID-161,Receivable,Active,2021-01-01,,0.0,USD,Customer receivable account (Camping),SampleGen
49ac7112-a3d1-4383-90d6-ad9f954913a9,ACC-Camping-1161,CID-162,Receivable,Active,2021-01-01,,0.0,USD,Customer receivable account (Camping),SampleGen
b73a28d9-cead-4c38-91e7-402e9598c213,ACC-Camping-1162,CID-163,Receivable,Active,2021-01-01,,0.0,USD,Customer receivable account (Camping),SampleGen
144bdaa5-a838-4346-bf4a-0eae5c5c4a92,ACC-Camping-1163,CID-164,Receivable,Active,2021-01-01,,0.0,USD,Customer receivable account (Camping),SampleGen
17784572-133a-4b76-96a7-a26977a0bf07,ACC-Camping-1164,CID-165,Receivable,Active,2021-01-01,,0.0,USD,Customer receivable account (Camping),SampleGen
574aa76b-7a0f-4273-b20a-0935ab5e92c4,ACC-Camping-1165,CID-166,Receivable,Active,2021-01-01,,0.0,USD,Customer receivable account (Camping),SampleGen
fd96bac0-0b7a-4d25-8e9d-c96ec4503a16,ACC-Camping-1166,CID-167,Receivable,Active,2021-01-01,,0.0,USD,Customer receivable account (Camping),SampleGen
c0de6299-54b0-4898-bb25-af7fbbfbf219,ACC-Camping-1167,CID-168,Receivable,Active,2021-01-01,,0.0,USD,Customer receivable account (Camping),SampleGen
ce7f91c1-360c-4252-aa7c-9b6e59563162,ACC-Camping-1168,CID-169,Receivable,Active,2021-01-01,,0.0,USD,Customer receivable account (Camping),SampleGen
a7d16077-7c19-460b-9ffe-85291f613983,ACC-Camping-1169,CID-170,Receivable,Active,2021-01-01,,0.0,USD,Customer receivable account (Camping),SampleGen
8c6a34f2-ed62-4c1a-b20b-a1324bb8b875,ACC-Camping-1170,CID-171,Receivable,Active,2021-01-01,,0.0,USD,Customer receivable account (Camping),SampleGen
bc07411b-a58f-4ff4-8c2a-e2789e84fe9d,ACC-Camping-1171,CID-172,Receivable,Active,2021-01-01,,0.0,USD,Customer receivable account (Camping),SampleGen
ece3f85e-7663-4628-9509-501ecce0f541,ACC-Camping-1172,CID-173,Receivable,Active,2021-01-01,,0.0,USD,Customer receivable account (Camping),SampleGen
31868224-8a70-4154-b109-ed039c56e0e1,ACC-Camping-1173,CID-174,Receivable,Active,2021-01-01,,0.0,USD,Customer receivable account (Camping),SampleGen
381b3595-9325-4dd4-b551-3543fc5de69e,ACC-Camping-1174,CID-175,Receivable,Active,2021-01-01,,0.0,USD,Customer receivable account (Camping),SampleGen
5f210011-9dc5-4984-9835-112d9c8855ab,ACC-Camping-1175,CID-176,Receivable,Active,2021-01-01,,0.0,USD,Customer receivable account (Camping),SampleGen
54560020-b7e4-4de2-a334-81263a00eba9,ACC-Camping-1176,CID-177,Receivable,Active,2021-01-01,,0.0,USD,Customer receivable account (Camping),SampleGen
97e4b795-52b1-41b7-9e37-a799492635dc,ACC-Camping-1177,CID-178,Receivable,Active,2021-01-01,,0.0,USD,Customer receivable account (Camping),SampleGen
cccee8e8-5191-4002-879d-cfdd3ac87ee7,ACC-Camping-1178,CID-179,Receivable,Active,2021-01-01,,0.0,USD,Customer receivable account (Camping),SampleGen
05ef9dff-e0ec-4723-aeaa-c7a82444ab2f,ACC-Camping-1179,CID-180,Receivable,Active,2021-01-01,,0.0,USD,Customer receivable account (Camping),SampleGen
c52a1733-fac0-42d2-bd76-adaa881a9fd3,ACC-Camping-1180,CID-181,Receivable,Active,2021-01-01,,0.0,USD,Customer receivable account (Camping),SampleGen
86b37196-3f7c-4b7d-a0ce-d7eacf1af194,ACC-Camping-1181,CID-182,Receivable,Active,2021-01-01,,0.0,USD,Customer receivable account (Camping),SampleGen
3b5356a4-ebc0-49f8-a257-d99816d454c0,ACC-Camping-1182,CID-183,Receivable,Active,2021-01-01,,0.0,USD,Customer receivable account (Camping),SampleGen
74657b68-3959-414d-832f-492bd8630070,ACC-Camping-1183,CID-184,Receivable,Active,2021-01-01,,0.0,USD,Customer receivable account (Camping),SampleGen
a57e3447-657a-4dee-9cc1-66c245a91502,ACC-Camping-1184,CID-185,Receivable,Active,2021-01-01,,0.0,USD,Customer receivable account (Camping),SampleGen
263f6415-b07d-4393-ab7c-3f6c2069987f,ACC-Camping-1185,CID-186,Receivable,Active,2021-01-01,,0.0,USD,Customer receivable account (Camping),SampleGen
41ee5fd5-9ae1-4d63-8867-bdceb5e51b8b,ACC-Camping-1186,CID-187,Receivable,Active,2021-01-01,,0.0,USD,Customer receivable account (Camping),SampleGen
5c38c1d0-08b5-4203-a4a4-dd60187debfe,ACC-Camping-1187,CID-188,Receivable,Active,2021-01-01,,0.0,USD,Customer receivable account (Camping),SampleGen
e1521883-f49b-4734-ba8b-6acc08265330,ACC-Camping-1188,CID-189,Receivable,Active,2021-01-01,,0.0,USD,Customer receivable account (Camping),SampleGen
e2cae988-1d47-488a-a916-05d37f9c5e82,ACC-Camping-1189,CID-190,Receivable,Active,2021-01-01,,0.0,USD,Customer receivable account (Camping),SampleGen
85338419-85bf-48ec-b366-d50b9b6df235,ACC-Camping-1190,CID-191,Receivable,Active,2021-01-01,,0.0,USD,Customer receivable account (Camping),SampleGen
05ba9002-1920-4fe5-a834-5dc89e8f49e2,ACC-Camping-1191,CID-192,Receivable,Active,2021-01-01,,0.0,USD,Customer receivable account (Camping),SampleGen
d6b95e3c-0b12-497f-9f83-fad0a0a28e1b,ACC-Camping-1192,CID-193,Receivable,Active,2021-01-01,,0.0,USD,Customer receivable account (Camping),SampleGen
6bfcfef8-e5b4-4a69-9850-7805aa8b8c00,ACC-Camping-1193,CID-194,Receivable,Active,2021-01-01,,0.0,USD,Customer receivable account (Camping),SampleGen
5c219cfa-c973-4b48-bc39-7acb4b7bf6df,ACC-Camping-1194,CID-195,Receivable,Active,2021-01-01,,0.0,USD,Customer receivable account (Camping),SampleGen
f08827f7-2c7e-43d0-b267-e44692e3752b,ACC-Camping-1195,CID-196,Receivable,Active,2021-01-01,,0.0,USD,Customer receivable account (Camping),SampleGen
c4bc7160-a8af-4d0a-aea3-faa8c961e3cb,ACC-Camping-1196,CID-197,Receivable,Active,2021-01-01,,0.0,USD,Customer receivable account (Camping),SampleGen
4c2a790d-4984-4271-b73c-4710ea752e09,ACC-Camping-1197,CID-198,Receivable,Active,2021-01-01,,0.0,USD,Customer receivable account (Camping),SampleGen
62fa387e-616e-4775-9e56-f0465fa40e54,ACC-Camping-1198,CID-199,Receivable,Active,2021-01-01,,0.0,USD,Customer receivable account (Camping),SampleGen
9c98c516-6428-4b6a-bbc1-d4412af74d16,ACC-Camping-1199,CID-200,Receivable,Active,2021-01-01,,0.0,USD,Customer receivable account (Camping),SampleGen
53ef239e-454f-43cf-b8e5-c12508f24af7,ACC-Camping-1200,CID-201,Receivable,Active,2021-01-01,,0.0,USD,Customer receivable account (Camping),SampleGen
57c87ebb-0ec3-4c7f-ad97-13cd620ac2eb,ACC-Camping-1201,CID-202,Receivable,Active,2021-01-01,,0.0,USD,Customer receivable account (Camping),SampleGen
9602ac22-1c00-4dfe-ac85-d76557541513,ACC-Camping-1202,CID-203,Receivable,Active,2021-01-01,,0.0,USD,Customer receivable account (Camping),SampleGen
01120114-8f31-4052-bd98-1efd66edf718,ACC-Camping-1203,CID-204,Receivable,Active,2021-01-01,,0.0,USD,Customer receivable account (Camping),SampleGen
c6bf4c2f-e7e8-4067-a070-1727cc1a4a40,ACC-Camping-1204,CID-205,Receivable,Active,2021-01-01,,0.0,USD,Customer receivable account (Camping),SampleGen
df55fd6c-0376-431d-bd5c-cce17de69a20,ACC-Camping-1205,CID-206,Receivable,Active,2021-01-01,,0.0,USD,Customer receivable account (Camping),SampleGen
44db6f98-8fb0-42d9-b8d0-d68b8de7de4e,ACC-Camping-1206,CID-207,Receivable,Active,2021-01-01,,0.0,USD,Customer receivable account (Camping),SampleGen
e2f3414c-f7e0-4761-966b-bb56ebb95e1b,ACC-Camping-1207,CID-208,Receivable,Active,2021-01-01,,0.0,USD,Customer receivable account (Camping),SampleGen
03acc8bc-3eaa-4349-a6ed-6f552f9a7164,ACC-Camping-1208,CID-209,Receivable,Active,2021-01-01,,0.0,USD,Customer receivable account (Camping),SampleGen
292b31da-c589-4eb2-ae26-dbb2fb948221,ACC-Camping-1209,CID-210,Receivable,Active,2021-01-01,,0.0,USD,Customer receivable account (Camping),SampleGen
d5958924-c820-4be2-a9fd-a9d4c5ebcd1b,ACC-Camping-1210,CID-211,Receivable,Active,2021-01-01,,0.0,USD,Customer receivable account (Camping),SampleGen
19fcc884-9afa-4336-a6b8-a4b36293e27f,ACC-Camping-1211,CID-212,Receivable,Active,2021-01-01,,0.0,USD,Customer receivable account (Camping),SampleGen
c8416dc3-9284-488a-a889-c5020e9ef845,ACC-Camping-1212,CID-213,Receivable,Active,2021-01-01,,0.0,USD,Customer receivable account (Camping),SampleGen
7b335348-fc77-4a1f-ace5-6b4c03630402,ACC-Camping-1213,CID-214,Receivable,Active,2021-01-01,,0.0,USD,Customer receivable account (Camping),SampleGen
8e7eb3cd-6f69-4764-b2f2-18c927ef9b4b,ACC-Camping-1214,CID-215,Receivable,Active,2021-01-01,,0.0,USD,Customer receivable account (Camping),SampleGen
89129084-7785-45a2-a646-a8df969083af,ACC-Camping-1215,CID-216,Receivable,Active,2021-01-01,,0.0,USD,Customer receivable account (Camping),SampleGen
107fa192-3820-4f88-85fa-d31917876a5b,ACC-Camping-1216,CID-217,Receivable,Active,2021-01-01,,0.0,USD,Customer receivable account (Camping),SampleGen
b2788aa6-673d-4ed5-93c2-57ff508c9e2d,ACC-Camping-1217,CID-218,Receivable,Active,2021-01-01,,0.0,USD,Customer receivable account (Camping),SampleGen
5770b02d-68e1-467e-a1a1-73643f423935,ACC-Camping-1218,CID-219,Receivable,Active,2021-01-01,,0.0,USD,Customer receivable account (Camping),SampleGen
e893b603-0a13-4fda-b800-96025c2db98e,ACC-Camping-1219,CID-220,Receivable,Active,2021-01-01,,0.0,USD,Customer receivable account (Camping),SampleGen
1c922aef-1d10-485c-a9e5-1beec8fde06e,ACC-Camping-1220,CID-221,Receivable,Active,2021-01-01,,0.0,USD,Customer receivable account (Camping),SampleGen
7bc13bca-1958-4bff-945b-7496ea72a9bb,ACC-Camping-1221,CID-222,Receivable,Active,2021-01-01,,0.0,USD,Customer receivable account (Camping),SampleGen
4fdf6e7a-f574-4b0f-a0ab-12268c9d0999,ACC-Camping-1222,CID-223,Receivable,Active,2021-01-01,,0.0,USD,Customer receivable account (Camping),SampleGen
e726ee1d-1556-452b-8edd-0760b1662083,ACC-Camping-1223,CID-224,Receivable,Active,2021-01-01,,0.0,USD,Customer receivable account (Camping),SampleGen
45a4ce3f-07bf-4d0c-9417-748c8881c727,ACC-Camping-1224,CID-225,Receivable,Active,2021-01-01,,0.0,USD,Customer receivable account (Camping),SampleGen
0f86e8be-980d-453e-932a-526fcc90817d,ACC-Camping-1225,CID-226,Receivable,Active,2021-01-01,,0.0,USD,Customer receivable account (Camping),SampleGen
313f3394-958e-4c5d-b0ee-4e365b8f5766,ACC-Camping-1226,CID-227,Receivable,Active,2021-01-01,,0.0,USD,Customer receivable account (Camping),SampleGen
ebf68f16-a6cb-4d7a-86f0-4d38c0c40663,ACC-Camping-1227,CID-228,Receivable,Active,2021-01-01,,0.0,USD,Customer receivable account (Camping),SampleGen
728e082b-849c-48bb-b42a-813422d6d29b,ACC-Camping-1228,CID-229,Receivable,Active,2021-01-01,,0.0,USD,Customer receivable account (Camping),SampleGen
30553008-5041-4541-af4e-200979d51215,ACC-Camping-1229,CID-230,Receivable,Active,2021-01-01,,0.0,USD,Customer receivable account (Camping),SampleGen
2caa1e1c-b844-43e5-9201-403be93812eb,ACC-Camping-1230,CID-231,Receivable,Active,2021-01-01,,0.0,USD,Customer receivable account (Camping),SampleGen
dc0c28bd-16d1-4e16-9206-f0d672544176,ACC-Camping-1231,CID-232,Receivable,Active,2021-01-01,,0.0,USD,Customer receivable account (Camping),SampleGen
d9ea4e22-c97f-4b50-9bf2-d90e56d3c5dc,ACC-Camping-1232,CID-233,Receivable,Active,2021-01-01,,0.0,USD,Customer receivable account (Camping),SampleGen
54b2ce7f-a312-47c1-bf27-8cc01f8a87c3,ACC-Camping-1233,CID-234,Receivable,Active,2021-01-01,,0.0,USD,Customer receivable account (Camping),SampleGen
7261581d-f3f7-47b6-820a-fc36a5841712,ACC-Camping-1234,CID-235,Receivable,Active,2021-01-01,,0.0,USD,Customer receivable account (Camping),SampleGen
7fc8cc57-e7d5-44f8-abc2-7f9f1bb0b76e,ACC-Camping-1235,CID-236,Receivable,Active,2021-01-01,,0.0,USD,Customer receivable account (Camping),SampleGen
b71c354d-dd50-4ccd-8d7e-0ba7c7093433,ACC-Camping-1236,CID-237,Receivable,Active,2021-01-01,,0.0,USD,Customer receivable account (Camping),SampleGen
7054a8e6-31dd-4d38-a7ba-bbd804ce9b5c,ACC-Camping-1237,CID-238,Receivable,Active,2021-01-01,,0.0,USD,Customer receivable account (Camping),SampleGen
5d36a286-4839-41ff-82a8-4a10b0724321,ACC-Camping-1238,CID-239,Receivable,Active,2021-01-01,,0.0,USD,Customer receivable account (Camping),SampleGen
092286e0-0869-4eea-a5fb-53b48ccff76f,ACC-Camping-1239,CID-240,Receivable,Active,2021-01-01,,0.0,USD,Customer receivable account (Camping),SampleGen
da8534b4-3993-419c-a2bf-6f6b93d169ce,ACC-Camping-1240,CID-241,Receivable,Active,2021-01-01,,0.0,USD,Customer receivable account (Camping),SampleGen
67944970-097d-4c2e-a3e5-ec1bb352387c,ACC-Camping-1241,CID-242,Receivable,Active,2021-01-01,,0.0,USD,Customer receivable account (Camping),SampleGen
518043ce-f250-45cf-a93a-97ff9c60decc,ACC-Camping-1242,CID-243,Receivable,Active,2021-01-01,,0.0,USD,Customer receivable account (Camping),SampleGen
16fc1fe7-6ec2-4b4e-8d7f-fa124aed9bf9,ACC-Camping-1243,CID-244,Receivable,Active,2021-01-01,,0.0,USD,Customer receivable account (Camping),SampleGen
30465fbf-4bb4-4e7c-9e74-9104b4ebb2ae,ACC-Camping-1244,CID-245,Receivable,Active,2021-01-01,,0.0,USD,Customer receivable account (Camping),SampleGen
b4634264-dd7c-4969-9bbb-98091e0bb2a1,ACC-Camping-1245,CID-246,Receivable,Active,2021-01-01,,0.0,USD,Customer receivable account (Camping),SampleGen
a8e0dff5-3008-4a6c-9963-466208265ecc,ACC-Camping-1246,CID-247,Receivable,Active,2021-01-01,,0.0,USD,Customer receivable account (Camping),SampleGen
6071cf74-2994-4c41-8565-9564eff1efe9,ACC-Camping-1247,CID-248,Receivable,Active,2021-01-01,,0.0,USD,Customer receivable account (Camping),SampleGen
4edbc157-716a-41f0-98c6-6e482e133d8a,ACC-Camping-1248,CID-249,Receivable,Active,2021-01-01,,0.0,USD,Customer receivable account (Camping),SampleGen
2391c073-2587-41d3-80e8-f7f30b572faa,ACC-Camping-1249,CID-250,Receivable,Active,2021-01-01,,0.0,USD,Customer receivable account (Camping),SampleGen
5a02387b-e928-436b-83ee-67cd114c07bb,ACC-Camping-1250,CID-251,Receivable,Active,2021-01-01,,0.0,USD,Customer receivable account (Camping),SampleGen
b113bca9-fe0a-4a8f-a9b6-1a7968c2f50d,ACC-Camping-1251,CID-252,Receivable,Active,2021-01-01,,0.0,USD,Customer receivable account (Camping),SampleGen
86f8d061-8555-4173-9006-7f6c707bcf7e,ACC-Camping-1252,CID-253,Receivable,Active,2021-01-01,,0.0,USD,Customer receivable account (Camping),SampleGen
8ad739d7-e3b3-4c47-8135-9e871a6dcfa6,ACC-Camping-1253,CID-254,Receivable,Active,2021-01-01,,0.0,USD,Customer receivable account (Camping),SampleGen
39d86794-b516-479f-842c-564d6e762f73,ACC-Camping-1254,CID-255,Receivable,Active,2021-01-01,,0.0,USD,Customer receivable account (Camping),SampleGen
0a8808ee-36cd-47e3-b312-5f23c2a19309,ACC-Camping-1255,CID-256,Receivable,Active,2021-01-01,,0.0,USD,Customer receivable account (Camping),SampleGen
c455a39f-e84c-4cf4-b297-cc0192909c76,ACC-Camping-1256,CID-257,Receivable,Active,2021-01-01,,0.0,USD,Customer receivable account (Camping),SampleGen
2f05faf8-6374-4164-853e-d3d2581d43f0,ACC-Camping-1257,CID-258,Receivable,Active,2021-01-01,,0.0,USD,Customer receivable account (Camping),SampleGen
2f395c9f-f13d-4eff-9a67-81c404723eb3,ACC-Camping-1258,CID-259,Receivable,Active,2021-01-01,,0.0,USD,Customer receivable account (Camping),SampleGen
334a9da8-9712-4f8e-af7e-b9e78dd01650,ACC-Camping-1259,CID-260,Receivable,Active,2021-01-01,,0.0,USD,Customer receivable account (Camping),SampleGen
574e2d73-bb95-4812-ac8e-2dd1ec91efe6,ACC-Camping-1260,CID-261,Receivable,Active,2021-01-01,,0.0,USD,Customer receivable account (Camping),SampleGen
3db6a474-090a-46bd-8102-6eda43b698e9,ACC-Camping-1261,CID-262,Receivable,Active,2021-01-01,,0.0,USD,Customer receivable account (Camping),SampleGen
9570fdf8-735e-4224-91f7-61b35deba38d,ACC-Camping-1262,CID-263,Receivable,Active,2021-01-01,,0.0,USD,Customer receivable account (Camping),SampleGen
f6c529ca-dde4-42b7-a7ad-649a419f3d49,ACC-Camping-1263,CID-264,Receivable,Active,2021-01-01,,0.0,USD,Customer receivable account (Camping),SampleGen
f42fe773-2141-4847-8ee3-22bd62c0016e,ACC-Camping-1264,CID-265,Receivable,Active,2021-01-01,,0.0,USD,Customer receivable account (Camping),SampleGen
c0100cda-5996-43bf-b1ac-45a64fcf9023,ACC-Camping-1265,CID-266,Receivable,Active,2021-01-01,,0.0,USD,Customer receivable account (Camping),SampleGen
decb1e02-b9e4-4c45-a0f2-a2f553c322ee,ACC-Camping-1266,CID-267,Receivable,Active,2021-01-01,,0.0,USD,Customer receivable account (Camping),SampleGen
6f20152c-0fbc-45d3-94d8-361bbd0958c9,ACC-Camping-1267,CID-268,Receivable,Active,2021-01-01,,0.0,USD,Customer receivable account (Camping),SampleGen
b2120994-bc81-4dd1-a025-105777c77cbe,ACC-Camping-1268,CID-269,Receivable,Active,2021-01-01,,0.0,USD,Customer receivable account (Camping),SampleGen
a4285b2f-555a-4e49-a142-ef08620e515b,ACC-Camping-1269,CID-270,Receivable,Active,2021-01-01,,0.0,USD,Customer receivable account (Camping),SampleGen
4c531e8b-83d6-4996-a323-1bd873bcf114,ACC-Camping-1270,CID-271,Receivable,Active,2021-01-01,,0.0,USD,Customer receivable account (Camping),SampleGen
07faff47-7442-4fbb-8aac-d66c25026439,ACC-Camping-1271,CID-272,Receivable,Active,2021-01-01,,0.0,USD,Customer receivable account (Camping),SampleGen
311bc37c-5957-4509-893f-92775b334bde,ACC-Camping-1272,CID-273,Receivable,Active,2021-01-01,,0.0,USD,Customer receivable account (Camping),SampleGen
cddea599-3a86-4409-90ef-6a5c55b8888e,ACC-Camping-1273,CID-274,Receivable,Active,2021-01-01,,0.0,USD,Customer receivable account (Camping),SampleGen
c73eedb1-a8a7-48d6-86f2-073ecc3ede07,ACC-Camping-1274,CID-275,Receivable,Active,2021-01-01,,0.0,USD,Customer receivable account (Camping),SampleGen
d2e35e14-29e0-4061-bc77-95a1400f46b3,ACC-Camping-1275,CID-276,Receivable,Active,2021-01-01,,0.0,USD,Customer receivable account (Camping),SampleGen
61e2b5cd-f731-4503-b805-43162e2a5340,ACC-Camping-1276,CID-277,Receivable,Active,2021-01-01,,0.0,USD,Customer receivable account (Camping),SampleGen
da3e76dc-cf0c-46ec-9af9-c3351c58346b,ACC-Camping-1277,CID-278,Receivable,Active,2021-01-01,,0.0,USD,Customer receivable account (Camping),SampleGen
17b6c7b3-7305-4308-bc97-10f5e30c1c69,ACC-Camping-1278,CID-279,Receivable,Active,2021-01-01,,0.0,USD,Customer receivable account (Camping),SampleGen
ad117db5-16b4-4b29-afa5-e5150275f35e,ACC-Camping-1279,CID-280,Receivable,Active,2021-01-01,,0.0,USD,Customer receivable account (Camping),SampleGen
9e1b102e-d377-4bb3-b99c-ba8f54737373,ACC-Camping-1280,CID-281,Receivable,Active,2021-01-01,,0.0,USD,Customer receivable account (Camping),SampleGen
76fa65f4-e446-4355-b1db-75c439e6d914,ACC-Camping-1281,CID-282,Receivable,Active,2021-01-01,,0.0,USD,Customer receivable account (Camping),SampleGen
e726d8af-d52b-4105-8a10-5b9fe8e64290,ACC-Camping-1282,CID-283,Receivable,Active,2021-01-01,,0.0,USD,Customer receivable account (Camping),SampleGen
0bb9b653-a708-457b-b889-599d91768d93,ACC-Camping-1283,CID-284,Receivable,Active,2021-01-01,,0.0,USD,Customer receivable account (Camping),SampleGen
3ceaa4b1-8ab3-4359-8e72-22fc401d2c9b,ACC-Camping-1284,CID-285,Receivable,Active,2021-01-01,,0.0,USD,Customer receivable account (Camping),SampleGen
790d91b1-fbe1-4e78-b4e5-b6f4fb816c45,ACC-Camping-1285,CID-286,Receivable,Active,2021-01-01,,0.0,USD,Customer receivable account (Camping),SampleGen
edf7589b-5719-42c0-b38f-06964cab4558,ACC-Camping-1286,CID-287,Receivable,Active,2021-01-01,,0.0,USD,Customer receivable account (Camping),SampleGen
93628049-cb06-4460-a831-80b29fc11244,ACC-Camping-1287,CID-288,Receivable,Active,2021-01-01,,0.0,USD,Customer receivable account (Camping),SampleGen
a41d8b22-b5d0-4f6d-bd7e-33f99cfda4df,ACC-Camping-1288,CID-289,Receivable,Active,2021-01-01,,0.0,USD,Customer receivable account (Camping),SampleGen
8d5bea37-8a24-4dc9-94f7-90846f415b0b,ACC-Camping-1289,CID-290,Receivable,Active,2021-01-01,,0.0,USD,Customer receivable account (Camping),SampleGen
baacb27b-48db-415b-bd91-a3e2d97fa94e,ACC-Camping-1290,CID-291,Receivable,Active,2021-01-01,,0.0,USD,Customer receivable account (Camping),SampleGen
d3813011-d928-426c-85d8-82775345380a,ACC-Camping-1291,CID-292,Receivable,Active,2021-01-01,,0.0,USD,Customer receivable account (Camping),SampleGen
9167c543-a9b4-423e-970d-df68344ec126,ACC-Camping-1292,CID-293,Receivable,Active,2021-01-01,,0.0,USD,Customer receivable account (Camping),SampleGen
916e55f7-0e37-4493-a605-9b9d971dde00,ACC-Camping-1293,CID-294,Receivable,Active,2021-01-01,,0.0,USD,Customer receivable account (Camping),SampleGen
aedf5367-8c74-4c36-9666-3ca0f421a3ba,ACC-Camping-1294,CID-295,Receivable,Active,2021-01-01,,0.0,USD,Customer receivable account (Camping),SampleGen
6cd3cb58-88ed-4aca-917f-35af2a91da00,ACC-Camping-1295,CID-296,Receivable,Active,2021-01-01,,0.0,USD,Customer receivable account (Camping),SampleGen
8a063f7c-af12-4f9a-b21f-392c1b730fd0,ACC-Camping-1296,CID-297,Receivable,Active,2021-01-01,,0.0,USD,Customer receivable account (Camping),SampleGen
fb35cb7b-7ba1-48ca-b74c-9f05ef78731c,ACC-Camping-1297,CID-298,Receivable,Active,2021-01-01,,0.0,USD,Customer receivable account (Camping),SampleGen
e8c1f791-90db-48e5-a33b-6b27a7efc7a1,ACC-Camping-1298,CID-299,Receivable,Active,2021-01-01,,0.0,USD,Customer receivable account (Camping),SampleGen
9eaad209-dba7-464f-9e5c-fe53e215d1a5,ACC-Camping-1299,CID-300,Receivable,Active,2021-01-01,,0.0,USD,Customer receivable account (Camping),SampleGen
f2a9da41-5837-4e14-a193-bc72682eef98,ACC-Camping-1300,CID-301,Receivable,Active,2021-01-01,,0.0,USD,Customer receivable account (Camping),SampleGen
0e5f344e-2917-4257-b0a6-1456d824e402,ACC-Camping-1301,CID-302,Receivable,Active,2021-01-01,,0.0,USD,Customer receivable account (Camping),SampleGen
5357a3de-cf2f-4372-8d06-67b6f1bcc398,ACC-Camping-1302,CID-303,Receivable,Active,2021-01-01,,0.0,USD,Customer receivable account (Camping),SampleGen
06f260ec-2dca-4042-bd96-248b243b6ba0,ACC-Camping-1303,CID-304,Receivable,Active,2021-01-01,,0.0,USD,Customer receivable account (Camping),SampleGen
c78346fd-1bd1-4338-ac87-a232a3be23c8,ACC-Camping-1304,CID-305,Receivable,Active,2021-01-01,,0.0,USD,Customer receivable account (Camping),SampleGen
d1dfc1f0-38e9-48b8-b43f-529ee5185529,ACC-Camping-1305,CID-306,Receivable,Active,2021-01-01,,0.0,USD,Customer receivable account (Camping),SampleGen
40ba964d-ff20-4e5a-9134-dbc390bcb21c,ACC-Camping-1306,CID-307,Receivable,Active,2021-01-01,,0.0,USD,Customer receivable account (Camping),SampleGen
6bc8986d-0657-4213-adaf-0e6f76caa163,ACC-Camping-1307,CID-308,Receivable,Active,2021-01-01,,0.0,USD,Customer receivable account (Camping),SampleGen
0f65f0df-a75e-4884-9b7a-ffc541987c17,ACC-Camping-1308,CID-309,Receivable,Active,2021-01-01,,0.0,USD,Customer receivable account (Camping),SampleGen
20377bec-17c5-4ae9-8aa4-2f3befde5e6a,ACC-Camping-1309,CID-310,Receivable,Active,2021-01-01,,0.0,USD,Customer receivable account (Camping),SampleGen
65b7a56d-6ade-40f7-b973-291fcfb00528,ACC-Camping-1310,CID-311,Receivable,Active,2021-01-01,,0.0,USD,Customer receivable account (Camping),SampleGen
a77ff0ea-6187-4572-8f03-79fcddaaeab4,ACC-Camping-1311,CID-312,Receivable,Active,2021-01-01,,0.0,USD,Customer receivable account (Camping),SampleGen
c197f693-7abc-4d44-b24e-eeb2b598888a,ACC-Camping-1312,CID-313,Receivable,Active,2021-01-01,,0.0,USD,Customer receivable account (Camping),SampleGen
a637c19f-7582-4c1e-95c6-cf1b37abc3f4,ACC-Camping-1313,CID-314,Receivable,Active,2021-01-01,,0.0,USD,Customer receivable account (Camping),SampleGen
d8213b0d-dbea-4539-a077-f15e8faff6e1,ACC-Camping-1314,CID-315,Receivable,Active,2021-01-01,,0.0,USD,Customer receivable account (Camping),SampleGen
6cd87f21-a42f-4e2e-8533-bdf4574912bc,ACC-Camping-1315,CID-316,Receivable,Active,2021-01-01,,0.0,USD,Customer receivable account (Camping),SampleGen
66f852b4-05e2-4e3f-9870-485c26b0565e,ACC-Camping-1316,CID-317,Receivable,Active,2021-01-01,,0.0,USD,Customer receivable account (Camping),SampleGen
1c100972-7531-485f-b697-787619eac484,ACC-Camping-1317,CID-318,Receivable,Active,2021-01-01,,0.0,USD,Customer receivable account (Camping),SampleGen
0a9c981c-822d-4c6b-b337-d0cf78cd5017,ACC-Camping-1318,CID-319,Receivable,Active,2021-01-01,,0.0,USD,Customer receivable account (Camping),SampleGen
313af30e-3cb7-4961-9092-c43ecf80c014,ACC-Camping-1319,CID-320,Receivable,Active,2021-01-01,,0.0,USD,Customer receivable account (Camping),SampleGen
06744bdb-1c1b-4d0f-bfd7-0a9eec96115e,ACC-Camping-1320,CID-321,Receivable,Active,2021-01-01,,0.0,USD,Customer receivable account (Camping),SampleGen
ece216b5-8d68-4a34-9232-d9080a569076,ACC-Camping-1321,CID-322,Receivable,Active,2021-01-01,,0.0,USD,Customer receivable account (Camping),SampleGen
bd3ae68c-4a62-4862-abd6-e225f2c14b96,ACC-Camping-1322,CID-323,Receivable,Active,2021-01-01,,0.0,USD,Customer receivable account (Camping),SampleGen
4a3a8b21-e267-42fd-8369-865892e9f54a,ACC-Camping-1323,CID-324,Receivable,Active,2021-01-01,,0.0,USD,Customer receivable account (Camping),SampleGen
05c60ba4-a83c-49da-86bb-25818531d610,ACC-Camping-1324,CID-325,Receivable,Active,2021-01-01,,0.0,USD,Customer receivable account (Camping),SampleGen
921641f5-7683-4428-9c0f-cca5e9b6abdf,ACC-Camping-1325,CID-326,Receivable,Active,2021-01-01,,0.0,USD,Customer receivable account (Camping),SampleGen
7ba5eae3-d8c6-44fc-842f-a1029430aa63,ACC-Camping-1326,CID-327,Receivable,Active,2021-01-01,,0.0,USD,Customer receivable account (Camping),SampleGen
e80b39b6-a052-4760-96fa-b77da89eda31,ACC-Camping-1327,CID-328,Receivable,Active,2021-01-01,,0.0,USD,Customer receivable account (Camping),SampleGen
f0d54c8c-ac23-4140-8b27-0daf913d2134,ACC-Camping-1328,CID-329,Receivable,Active,2021-01-01,,0.0,USD,Customer receivable account (Camping),SampleGen
4e4fcccf-4544-47a6-a16d-094977912c83,ACC-Camping-1329,CID-330,Receivable,Active,2021-01-01,,0.0,USD,Customer receivable account (Camping),SampleGen
d9e6a392-cdd4-46ca-9792-58efbf6c7885,ACC-Camping-1330,CID-331,Receivable,Active,2021-01-01,,0.0,USD,Customer receivable account (Camping),SampleGen
c6c0f05d-8f40-4420-b63a-290bd645d98d,ACC-Camping-1331,CID-332,Receivable,Active,2021-01-01,,0.0,USD,Customer receivable account (Camping),SampleGen
05ed598a-555b-4cfc-8f76-4ce5a11c541d,ACC-Camping-1332,CID-333,Receivable,Active,2021-01-01,,0.0,USD,Customer receivable account (Camping),SampleGen
29840c13-b266-4bf1-a244-fb104c84a533,ACC-Camping-1333,CID-334,Receivable,Active,2021-01-01,,0.0,USD,Customer receivable account (Camping),SampleGen
fb40e8c0-442d-4272-8044-cf2c565ae2b6,ACC-Camping-1334,CID-335,Receivable,Active,2021-01-01,,0.0,USD,Customer receivable account (Camping),SampleGen
b21dc3b8-38cb-48b3-b6b2-3d1a08bffd0f,ACC-Camping-1335,CID-336,Receivable,Active,2021-01-01,,0.0,USD,Customer receivable account (Camping),SampleGen
76bc83f1-b749-42f3-83f0-8d642298c6ea,ACC-Camping-1336,CID-337,Receivable,Active,2021-01-01,,0.0,USD,Customer receivable account (Camping),SampleGen
d9e11e2d-b90a-4e87-8ddf-426adc4c9b0f,ACC-Camping-1337,CID-338,Receivable,Active,2021-01-01,,0.0,USD,Customer receivable account (Camping),SampleGen
96eb8ada-865d-4bc6-9473-dc5f299783db,ACC-Camping-1338,CID-339,Receivable,Active,2021-01-01,,0.0,USD,Customer receivable account (Camping),SampleGen
42bf6fe5-0f36-44d9-94fe-72a6cc8027ff,ACC-Camping-1339,CID-340,Receivable,Active,2021-01-01,,0.0,USD,Customer receivable account (Camping),SampleGen
93b2809a-459c-4088-88dd-57862c45d10d,ACC-Camping-1340,CID-341,Receivable,Active,2021-01-01,,0.0,USD,Customer receivable account (Camping),SampleGen
dbd6ba7e-0c12-46b2-abe8-e3343ba40998,ACC-Camping-1341,CID-342,Receivable,Active,2021-01-01,,0.0,USD,Customer receivable account (Camping),SampleGen
77297ccd-f5a3-43fd-963d-53f801963403,ACC-Camping-1342,CID-343,Receivable,Active,2021-01-01,,0.0,USD,Customer receivable account (Camping),SampleGen
9bce7ed9-edf2-4109-946b-2a2ac6bfca3e,ACC-Camping-1343,CID-344,Receivable,Active,2021-01-01,,0.0,USD,Customer receivable account (Camping),SampleGen
6d483600-e8a6-43a5-84ea-7b4154b564f1,ACC-Camping-1344,CID-345,Receivable,Active,2021-01-01,,0.0,USD,Customer receivable account (Camping),SampleGen
cfc8245a-92be-4390-9553-bd972baa33ad,ACC-Camping-1345,CID-346,Receivable,Active,2021-01-01,,0.0,USD,Customer receivable account (Camping),SampleGen
e8ad1146-8c4f-4074-85f3-fc0b0dcab4d5,ACC-Camping-1346,CID-347,Receivable,Active,2021-01-01,,0.0,USD,Customer receivable account (Camping),SampleGen
c90c3b25-f5d6-4d65-8f88-9fdb862c0416,ACC-Camping-1347,CID-348,Receivable,Active,2021-01-01,,0.0,USD,Customer receivable account (Camping),SampleGen
607f4272-d775-43e4-b626-aed7f77aada8,ACC-Camping-1348,CID-349,Receivable,Active,2021-01-01,,0.0,USD,Customer receivable account (Camping),SampleGen
c7e67d4f-898c-4cb6-b9f2-8e3d27db8845,ACC-Camping-1349,CID-350,Receivable,Active,2021-01-01,,0.0,USD,Customer receivable account (Camping),SampleGen
bda9edd9-e823-4dc4-b412-fc38e143fe2f,ACC-Camping-1350,CID-351,Receivable,Active,2021-01-01,,0.0,USD,Customer receivable account (Camping),SampleGen
d0afb6bc-5df1-457f-9d05-1c74663486fc,ACC-Camping-1351,CID-352,Receivable,Active,2021-01-01,,0.0,USD,Customer receivable account (Camping),SampleGen
c79082be-5fea-497b-a459-7741d118c74d,ACC-Camping-1352,CID-353,Receivable,Active,2021-01-01,,0.0,USD,Customer receivable account (Camping),SampleGen
f9c7b9af-f571-405a-8f2b-3dce85ec4bce,ACC-Camping-1353,CID-354,Receivable,Active,2021-01-01,,0.0,USD,Customer receivable account (Camping),SampleGen
f06c86a8-0fbf-4c6b-86fd-c9fc0ea9d14b,ACC-Camping-1354,CID-355,Receivable,Active,2021-01-01,,0.0,USD,Customer receivable account (Camping),SampleGen
b9e04519-ef36-429c-a981-6930ff52022c,ACC-Camping-1355,CID-356,Receivable,Active,2021-01-01,,0.0,USD,Customer receivable account (Camping),SampleGen
1eaef7c9-9a0e-4fff-a5f8-1f0ed91a126f,ACC-Camping-1356,CID-357,Receivable,Active,2021-01-01,,0.0,USD,Customer receivable account (Camping),SampleGen
0b0cb10b-6359-494a-b593-282d935fb6ef,ACC-Camping-1357,CID-358,Receivable,Active,2021-01-01,,0.0,USD,Customer receivable account (Camping),SampleGen
62372519-3c41-44ec-8d3d-71154cb59d0d,ACC-Camping-1358,CID-359,Receivable,Active,2021-01-01,,0.0,USD,Customer receivable account (Camping),SampleGen
866e0bdb-4df5-46b4-a6b2-f92cc0869e5e,ACC-Camping-1359,CID-360,Receivable,Active,2021-01-01,,0.0,USD,Customer receivable account (Camping),SampleGen
17e9cd34-e4ab-4baa-8c08-f92cebc9c70c,ACC-Camping-1360,CID-361,Receivable,Active,2021-01-01,,0.0,USD,Customer receivable account (Camping),SampleGen
ee03d989-b50e-4fee-80d1-24c0d77d3ec0,ACC-Camping-1361,CID-362,Receivable,Active,2021-01-01,,0.0,USD,Customer receivable account (Camping),SampleGen
82ca50b0-e52b-4754-b647-04dd3bef3f2c,ACC-Camping-1362,CID-363,Receivable,Active,2021-01-01,,0.0,USD,Customer receivable account (Camping),SampleGen
0ebca215-d49c-4d08-9a9f-7b1124c14fef,ACC-Camping-1363,CID-364,Receivable,Active,2021-01-01,,0.0,USD,Customer receivable account (Camping),SampleGen
e7ea4860-95e7-450e-85f0-d54121361d88,ACC-Camping-1364,CID-365,Receivable,Active,2021-01-01,,0.0,USD,Customer receivable account (Camping),SampleGen
c7fd49cf-dd8c-47cb-84c0-bebed35177a9,ACC-Camping-1365,CID-366,Receivable,Active,2021-01-01,,0.0,USD,Customer receivable account (Camping),SampleGen
612d3adf-6f96-4042-9e87-fb0c42dc8e35,ACC-Camping-1366,CID-367,Receivable,Active,2021-01-01,,0.0,USD,Customer receivable account (Camping),SampleGen
4632397a-0480-4797-923b-54784f3d80d9,ACC-Camping-1367,CID-368,Receivable,Active,2021-01-01,,0.0,USD,Customer receivable account (Camping),SampleGen
0035339f-7e91-4def-9184-ecd6ea015870,ACC-Camping-1368,CID-369,Receivable,Active,2021-01-01,,0.0,USD,Customer receivable account (Camping),SampleGen
f2d7daef-0c53-438e-9851-35f7357113eb,ACC-Camping-1369,CID-370,Receivable,Active,2021-01-01,,0.0,USD,Customer receivable account (Camping),SampleGen
b6ce1377-4c8e-47ed-8a1b-df9311f09722,ACC-Camping-1370,CID-371,Receivable,Active,2021-01-01,,0.0,USD,Customer receivable account (Camping),SampleGen
f12375ab-ccf0-429e-8f6a-17655417d2a7,ACC-Camping-1371,CID-372,Receivable,Active,2021-01-01,,0.0,USD,Customer receivable account (Camping),SampleGen
121c102b-d31e-4b2a-b8f1-e47b90e4be64,ACC-Camping-1372,CID-373,Receivable,Active,2021-01-01,,0.0,USD,Customer receivable account (Camping),SampleGen
7f491cde-e25b-453f-b8a7-639e87104e45,ACC-Camping-1373,CID-374,Receivable,Active,2021-01-01,,0.0,USD,Customer receivable account (Camping),SampleGen
b1622d0c-7e4a-4805-a186-9cd9c2ee1b40,ACC-Camping-1374,CID-375,Receivable,Active,2021-01-01,,0.0,USD,Customer receivable account (Camping),SampleGen
ac6bda42-d46f-46a0-837e-3851b11a9c73,ACC-Camping-1375,CID-376,Receivable,Active,2021-01-01,,0.0,USD,Customer receivable account (Camping),SampleGen
29f0c049-c6c0-4ee3-9a7a-9826e5631d13,ACC-Camping-1376,CID-377,Receivable,Active,2021-01-01,,0.0,USD,Customer receivable account (Camping),SampleGen
5e6c4da4-f086-4ced-bb49-5a7c828de5fa,ACC-Camping-1377,CID-378,Receivable,Active,2021-01-01,,0.0,USD,Customer receivable account (Camping),SampleGen
5622c797-7039-46d8-b748-520c17e9bd2d,ACC-Camping-1378,CID-379,Receivable,Active,2021-01-01,,0.0,USD,Customer receivable account (Camping),SampleGen
e74488c2-fe14-4eea-820c-3baaeb6ee192,ACC-Camping-1379,CID-380,Receivable,Active,2021-01-01,,0.0,USD,Customer receivable account (Camping),SampleGen
ce1a6bc0-2407-4905-b76d-e31b5826cc5e,ACC-Camping-1380,CID-381,Receivable,Active,2021-01-01,,0.0,USD,Customer receivable account (Camping),SampleGen
48a7489d-d564-42b8-9a8c-19d8f684bffa,ACC-Camping-1381,CID-382,Receivable,Active,2021-01-01,,0.0,USD,Customer receivable account (Camping),SampleGen
00f332bf-4901-4ab5-b9ba-8d05da3e95c0,ACC-Camping-1382,CID-383,Receivable,Active,2021-01-01,,0.0,USD,Customer receivable account (Camping),SampleGen
b493eb2a-dbd9-41db-9201-e47b64761a45,ACC-Camping-1383,CID-384,Receivable,Active,2021-01-01,,0.0,USD,Customer receivable account (Camping),SampleGen
3a844c7a-c933-4091-94ca-5cd0dd5d7497,ACC-Camping-1384,CID-385,Receivable,Active,2021-01-01,,0.0,USD,Customer receivable account (Camping),SampleGen
b940d949-d11d-4b00-9a2d-c2cbdfa26b93,ACC-Camping-1385,CID-386,Receivable,Active,2021-01-01,,0.0,USD,Customer receivable account (Camping),SampleGen
a3507eae-ea66-48cb-91a9-b5c8a4ebd433,ACC-Camping-1386,CID-387,Receivable,Active,2021-01-01,,0.0,USD,Customer receivable account (Camping),SampleGen
dc19c4f9-59d2-4dbc-bfaa-eaf97775f13e,ACC-Camping-1387,CID-388,Receivable,Active,2021-01-01,,0.0,USD,Customer receivable account (Camping),SampleGen
7a753dee-7b2b-474e-a44f-95877015c1b6,ACC-Camping-1388,CID-389,Receivable,Active,2021-01-01,,0.0,USD,Customer receivable account (Camping),SampleGen
b5f542df-04dc-44ac-9b29-86a33639c5c8,ACC-Camping-1389,CID-390,Receivable,Active,2021-01-01,,0.0,USD,Customer receivable account (Camping),SampleGen
82506266-ab68-4f9d-9f13-7ea9264dbf3d,ACC-Camping-1390,CID-391,Receivable,Active,2021-01-01,,0.0,USD,Customer receivable account (Camping),SampleGen
d0e5be85-8682-418f-88f6-bcaedc58f755,ACC-Camping-1391,CID-392,Receivable,Active,2021-01-01,,0.0,USD,Customer receivable account (Camping),SampleGen
8f451135-6594-482f-826a-0f1eb40e900a,ACC-Camping-1392,CID-393,Receivable,Active,2021-01-01,,0.0,USD,Customer receivable account (Camping),SampleGen
2c912853-7c6d-45f3-b803-a16c3f39b77a,ACC-Camping-1393,CID-394,Receivable,Active,2021-01-01,,0.0,USD,Customer receivable account (Camping),SampleGen
8c84fc2b-1b66-4bc7-9eef-753f6dda9a2a,ACC-Camping-1394,CID-395,Receivable,Active,2021-01-01,,0.0,USD,Customer receivable account (Camping),SampleGen
fdfba360-9342-4cec-ba68-4a3dbe7fbf0f,ACC-Camping-1395,CID-396,Receivable,Active,2021-01-01,,0.0,USD,Customer receivable account (Camping),SampleGen
2c1d3865-40db-4af6-a437-10e4fb6048b5,ACC-Camping-1396,CID-397,Receivable,Active,2021-01-01,,0.0,USD,Customer receivable account (Camping),SampleGen
8d633fbe-7705-4c0d-bad6-ede242d17b4b,ACC-Camping-1397,CID-398,Receivable,Active,2021-01-01,,0.0,USD,Customer receivable account (Camping),SampleGen
43c77a44-1171-482a-b9ee-1461606b9619,ACC-Camping-1398,CID-399,Receivable,Active,2021-01-01,,0.0,USD,Customer receivable account (Camping),SampleGen
79909db2-efd4-4f4c-bfbb-8388de91c5b7,ACC-Camping-1399,CID-400,Receivable,Active,2021-01-01,,0.0,USD,Customer receivable account (Camping),SampleGen
b8978324-3f73-4b7a-a106-8a97e259bfbc,ACC-Camping-1400,CID-401,Receivable,Active,2021-01-01,,0.0,USD,Customer receivable account (Camping),SampleGen
fe69182d-9e10-4eee-a5bb-1ef637bdad09,ACC-Camping-1401,CID-402,Receivable,Active,2021-01-01,,0.0,USD,Customer receivable account (Camping),SampleGen
9a968d20-a6e3-4aef-ab64-0915e81c973b,ACC-Camping-1402,CID-403,Receivable,Active,2021-01-01,,0.0,USD,Customer receivable account (Camping),SampleGen
195dc2d1-c17c-4624-8787-9c11eb6e195f,ACC-Camping-1403,CID-404,Receivable,Active,2021-01-01,,0.0,USD,Customer receivable account (Camping),SampleGen
0b94abf0-b62f-491b-b1c8-e1f1c5313359,ACC-Camping-1404,CID-405,Receivable,Active,2021-01-01,,0.0,USD,Customer receivable account (Camping),SampleGen
f8aed104-7d52-4f17-bbfb-205852c2b46a,ACC-Camping-1405,CID-406,Receivable,Active,2021-01-01,,0.0,USD,Customer receivable account (Camping),SampleGen
a8ae5bc1-b128-4b5f-8af0-ba2758b67190,ACC-Camping-1406,CID-407,Receivable,Active,2021-01-01,,0.0,USD,Customer receivable account (Camping),SampleGen
07282aff-f3cc-4351-a54c-1d630dc6d2bd,ACC-Camping-1407,CID-408,Receivable,Active,2021-01-01,,0.0,USD,Customer receivable account (Camping),SampleGen
a2e4c284-e873-424c-a0c7-588e226bb86a,ACC-Camping-1408,CID-409,Receivable,Active,2021-01-01,,0.0,USD,Customer receivable account (Camping),SampleGen
b1ad37ef-2c1c-466f-9730-286c07c5d771,ACC-Camping-1409,CID-410,Receivable,Active,2021-01-01,,0.0,USD,Customer receivable account (Camping),SampleGen
dce27a39-9e19-49c3-ab3c-4171e301774f,ACC-Camping-1410,CID-411,Receivable,Active,2021-01-01,,0.0,USD,Customer receivable account (Camping),SampleGen
004a5b2d-958d-41b8-8abc-3790533d2bb5,ACC-Camping-1411,CID-412,Receivable,Active,2021-01-01,,0.0,USD,Customer receivable account (Camping),SampleGen
2ba29f29-a718-4995-a92a-931c5def3b54,ACC-Camping-1412,CID-413,Receivable,Active,2021-01-01,,0.0,USD,Customer receivable account (Camping),SampleGen
a2280a5b-4478-46da-9c29-da0b09131260,ACC-Camping-1413,CID-414,Receivable,Active,2021-01-01,,0.0,USD,Customer receivable account (Camping),SampleGen
1c66340f-e188-441f-8255-9177cf883e16,ACC-Camping-1414,CID-415,Receivable,Active,2021-01-01,,0.0,USD,Customer receivable account (Camping),SampleGen
bff2818b-c9e6-4db1-9e45-07b8c621625b,ACC-Camping-1415,CID-416,Receivable,Active,2021-01-01,,0.0,USD,Customer receivable account (Camping),SampleGen
bac90778-770e-4d16-b44e-d42cc917e7ec,ACC-Camping-1416,CID-417,Receivable,Active,2021-01-01,,0.0,USD,Customer receivable account (Camping),SampleGen
ec63d147-107f-45e2-9f8a-1d71c98345e9,ACC-Camping-1417,CID-418,Receivable,Active,2021-01-01,,0.0,USD,Customer receivable account (Camping),SampleGen
80db1106-959d-4ba2-af27-46a5f5892b2e,ACC-Camping-1418,CID-419,Receivable,Active,2021-01-01,,0.0,USD,Customer receivable account (Camping),SampleGen
eead312d-0281-4653-9fa0-160d426a02dc,ACC-Camping-1419,CID-420,Receivable,Active,2021-01-01,,0.0,USD,Customer receivable account (Camping),SampleGen
349c166a-5eb6-4f48-bd30-5837e5bc6ca7,ACC-Camping-1420,CID-421,Receivable,Active,2021-01-01,,0.0,USD,Customer receivable account (Camping),SampleGen
4368787d-e8e6-4d26-9a5c-0345bcf0a2a8,ACC-Camping-1421,CID-422,Receivable,Active,2021-01-01,,0.0,USD,Customer receivable account (Camping),SampleGen
01839991-8939-4e5f-8f01-821266684178,ACC-Camping-1422,CID-423,Receivable,Active,2021-01-01,,0.0,USD,Customer receivable account (Camping),SampleGen
8780b339-1f50-4821-aae8-af7b85e8c4f4,ACC-Camping-1423,CID-424,Receivable,Active,2021-01-01,,0.0,USD,Customer receivable account (Camping),SampleGen
8a889cce-3caf-4956-b2bb-e76778ad0ba3,ACC-Camping-1424,CID-425,Receivable,Active,2021-01-01,,0.0,USD,Customer receivable account (Camping),SampleGen
c95de4e0-44d4-4b30-8b16-9c5815b0acb9,ACC-Camping-1425,CID-426,Receivable,Active,2021-01-01,,0.0,USD,Customer receivable account (Camping),SampleGen
77c8f1f1-c7cd-4588-8f23-4dda1f3aa920,ACC-Camping-1426,CID-427,Receivable,Active,2021-01-01,,0.0,USD,Customer receivable account (Camping),SampleGen
6e75f439-5f6b-487a-b5c5-faa820aa15ac,ACC-Camping-1427,CID-428,Receivable,Active,2021-01-01,,0.0,USD,Customer receivable account (Camping),SampleGen
ffff4d24-fe4e-41ff-ba29-1da25c91b55a,ACC-Camping-1428,CID-429,Receivable,Active,2021-01-01,,0.0,USD,Customer receivable account (Camping),SampleGen
4412fde0-3550-4b56-939c-8655fbd543cc,ACC-Camping-1429,CID-430,Receivable,Active,2021-01-01,,0.0,USD,Customer receivable account (Camping),SampleGen
7cd89c86-0509-4062-b352-5a8371ad6c68,ACC-Camping-1430,CID-431,Receivable,Active,2021-01-01,,0.0,USD,Customer receivable account (Camping),SampleGen
c2e385da-2a5c-4252-9fa3-eb6e972f4690,ACC-Camping-1431,CID-432,Receivable,Active,2021-01-01,,0.0,USD,Customer receivable account (Camping),SampleGen
674d9de9-c45b-447c-a181-4dc8d144ce92,ACC-Camping-1432,CID-433,Receivable,Active,2021-01-01,,0.0,USD,Customer receivable account (Camping),SampleGen
0742900b-3629-4577-aae6-ac37e3fdf0b7,ACC-Camping-1433,CID-434,Receivable,Active,2021-01-01,,0.0,USD,Customer receivable account (Camping),SampleGen
75904bd6-c1c9-4b02-8e23-ef592e10b179,ACC-Camping-1434,CID-435,Receivable,Active,2021-01-01,,0.0,USD,Customer receivable account (Camping),SampleGen
2746f527-d339-476a-9df8-4a470ee04d52,ACC-Camping-1435,CID-436,Receivable,Active,2021-01-01,,0.0,USD,Customer receivable account (Camping),SampleGen
352ca742-cf95-49c2-9ae6-e04859783c87,ACC-Camping-1436,CID-437,Receivable,Active,2021-01-01,,0.0,USD,Customer receivable account (Camping),SampleGen
7aad99aa-80e6-4324-a16d-15bd332c615b,ACC-Camping-1437,CID-438,Receivable,Active,2021-01-01,,0.0,USD,Customer receivable account (Camping),SampleGen
832b25e7-3f2e-4aa6-a830-c82d3cb29d80,ACC-Camping-1438,CID-439,Receivable,Active,2021-01-01,,0.0,USD,Customer receivable account (Camping),SampleGen
bd572143-8a1f-4563-9eb7-dbf66a467169,ACC-Camping-1439,CID-440,Receivable,Active,2021-01-01,,0.0,USD,Customer receivable account (Camping),SampleGen
cc290032-5cff-4da8-96b8-945237e6e711,ACC-Camping-1440,CID-441,Receivable,Active,2021-01-01,,0.0,USD,Customer receivable account (Camping),SampleGen
63fb6b30-694b-47c5-ab30-435f27e63fe5,ACC-Camping-1441,CID-442,Receivable,Active,2021-01-01,,0.0,USD,Customer receivable account (Camping),SampleGen
f94a1760-c922-47dd-8ede-91ce15eb9f7e,ACC-Camping-1442,CID-443,Receivable,Active,2021-01-01,,0.0,USD,Customer receivable account (Camping),SampleGen
6d7876be-077b-4707-ba9f-b3d51902e5b2,ACC-Camping-1443,CID-444,Receivable,Active,2021-01-01,,0.0,USD,Customer receivable account (Camping),SampleGen
a52b521d-2dcd-48ee-a17c-a10b5197303e,ACC-Camping-1444,CID-445,Receivable,Active,2021-01-01,,0.0,USD,Customer receivable account (Camping),SampleGen
a4d19627-95ff-49d6-a11d-1a6f4fb5be26,ACC-Camping-1445,CID-446,Receivable,Active,2021-01-01,,0.0,USD,Customer receivable account (Camping),SampleGen
3c80b324-d6fb-4bf0-b23a-9e69acded147,ACC-Camping-1446,CID-447,Receivable,Active,2021-01-01,,0.0,USD,Customer receivable account (Camping),SampleGen
924e087f-0ef9-467e-bda4-3f0395392f84,ACC-Camping-1447,CID-448,Receivable,Active,2021-01-01,,0.0,USD,Customer receivable account (Camping),SampleGen
768f359f-b3a4-45d9-863b-737d3eb22f19,ACC-Camping-1448,CID-449,Receivable,Active,2021-01-01,,0.0,USD,Customer receivable account (Camping),SampleGen
1e6f291a-f128-43cd-9970-662845378efb,ACC-Camping-1449,CID-450,Receivable,Active,2021-01-01,,0.0,USD,Customer receivable account (Camping),SampleGen
03452c85-5726-436e-8cfd-f789df01088b,ACC-Camping-1450,CID-451,Receivable,Active,2021-01-01,,0.0,USD,Customer receivable account (Camping),SampleGen
f97ccaad-d583-474f-bb15-eb0b2e5266f5,ACC-Camping-1451,CID-452,Receivable,Active,2021-01-01,,0.0,USD,Customer receivable account (Camping),SampleGen
d046cc8d-0511-4893-85cc-afeb53542aeb,ACC-Camping-1452,CID-453,Receivable,Active,2021-01-01,,0.0,USD,Customer receivable account (Camping),SampleGen
2f9dca67-f0ea-4e86-887b-a52272dddaf2,ACC-Camping-1453,CID-454,Receivable,Active,2021-01-01,,0.0,USD,Customer receivable account (Camping),SampleGen
b9ad98f2-ab92-4548-a920-3a29c26cba9c,ACC-Camping-1454,CID-455,Receivable,Active,2021-01-01,,0.0,USD,Customer receivable account (Camping),SampleGen
341c8279-ba80-4dbe-94b5-3f81ceebc69f,ACC-Camping-1455,CID-456,Receivable,Active,2021-01-01,,0.0,USD,Customer receivable account (Camping),SampleGen
cfb27ff3-c5ab-462a-86b2-a24645823e07,ACC-Camping-1456,CID-457,Receivable,Active,2021-01-01,,0.0,USD,Customer receivable account (Camping),SampleGen
93aa008d-00e7-4d28-bb04-589e462d2812,ACC-Camping-1457,CID-458,Receivable,Active,2021-01-01,,0.0,USD,Customer receivable account (Camping),SampleGen
50876835-ae1e-40d6-b7a2-35ec49857943,ACC-Camping-1458,CID-459,Receivable,Active,2021-01-01,,0.0,USD,Customer receivable account (Camping),SampleGen
c6aed41e-0e4c-4846-9901-984d7df14d70,ACC-Camping-1459,CID-460,Receivable,Active,2021-01-01,,0.0,USD,Customer receivable account (Camping),SampleGen
9eab7993-9db6-4646-aae6-706228e1f01a,ACC-Camping-1460,CID-461,Receivable,Active,2021-01-01,,0.0,USD,Customer receivable account (Camping),SampleGen
51b08aba-7cc1-43e0-9547-c14783749822,ACC-Camping-1461,CID-462,Receivable,Active,2021-01-01,,0.0,USD,Customer receivable account (Camping),SampleGen
905d2f00-074e-474f-8492-8cc45b76e0eb,ACC-Camping-1462,CID-463,Receivable,Active,2021-01-01,,0.0,USD,Customer receivable account (Camping),SampleGen
5785d4ad-a656-4494-b5ed-2095de560b9a,ACC-Camping-1463,CID-464,Receivable,Active,2021-01-01,,0.0,USD,Customer receivable account (Camping),SampleGen
97430050-68fc-42b5-b57d-7e707c3d4a7b,ACC-Camping-1464,CID-465,Receivable,Active,2021-01-01,,0.0,USD,Customer receivable account (Camping),SampleGen
1481fd2b-631b-475e-b186-38ff984ad7ad,ACC-Camping-1465,CID-466,Receivable,Active,2021-01-01,,0.0,USD,Customer receivable account (Camping),SampleGen
4d113e9d-6d10-4419-bf2d-ce8c14e3c005,ACC-Camping-1466,CID-467,Receivable,Active,2021-01-01,,0.0,USD,Customer receivable account (Camping),SampleGen
6c721825-6d0e-460c-b4ef-7c8603711d26,ACC-Camping-1467,CID-468,Receivable,Active,2021-01-01,,0.0,USD,Customer receivable account (Camping),SampleGen
1aa08d24-9f84-4e27-8bcb-fcddff77c5d5,ACC-Camping-1468,CID-469,Receivable,Active,2021-01-01,,0.0,USD,Customer receivable account (Camping),SampleGen
8284a723-7fe9-44d9-900a-6e7f520239dc,ACC-Camping-1469,CID-470,Receivable,Active,2021-01-01,,0.0,USD,Customer receivable account (Camping),SampleGen
07efb6ee-9067-4229-aba2-0d136dd9d70c,ACC-Camping-1470,CID-471,Receivable,Active,2021-01-01,,0.0,USD,Customer receivable account (Camping),SampleGen
5ddb4f43-556c-4e5f-b245-c7f79ab88972,ACC-Camping-1471,CID-472,Receivable,Active,2021-01-01,,0.0,USD,Customer receivable account (Camping),SampleGen
c2da5d83-e8d2-4936-9eca-f7c36fc5f146,ACC-Camping-1472,CID-473,Receivable,Active,2021-01-01,,0.0,USD,Customer receivable account (Camping),SampleGen
12b02dc1-6706-4c1e-a9ef-b70dc5f77f9b,ACC-Camping-1473,CID-474,Receivable,Active,2021-01-01,,0.0,USD,Customer receivable account (Camping),SampleGen
511e1630-c91f-4275-8a6e-1445815abc0d,ACC-Camping-1474,CID-475,Receivable,Active,2021-01-01,,0.0,USD,Customer receivable account (Camping),SampleGen
b7882901-d722-42ee-8a1c-6bae041939cc,ACC-Camping-1475,CID-476,Receivable,Active,2021-01-01,,0.0,USD,Customer receivable account (Camping),SampleGen
bec0b72f-1091-4b11-a7bd-b1f36840e68a,ACC-Camping-1476,CID-477,Receivable,Active,2021-01-01,,0.0,USD,Customer receivable account (Camping),SampleGen
76a96152-fba0-45c3-8eeb-682a6cd66062,ACC-Camping-1477,CID-478,Receivable,Active,2021-01-01,,0.0,USD,Customer receivable account (Camping),SampleGen
85661ef2-d5c2-4206-b321-9bb0665610f0,ACC-Camping-1478,CID-479,Receivable,Active,2021-01-01,,0.0,USD,Customer receivable account (Camping),SampleGen
84e3257f-af58-489c-9e39-d937baff7262,ACC-Camping-1479,CID-480,Receivable,Active,2021-01-01,,0.0,USD,Customer receivable account (Camping),SampleGen
77b58cd9-1109-4263-96e6-6e8664d5b8ec,ACC-Camping-1480,CID-481,Receivable,Active,2021-01-01,,0.0,USD,Customer receivable account (Camping),SampleGen
b843f8f7-10e9-4667-87f0-b2eb3fd92d4e,ACC-Camping-1481,CID-482,Receivable,Active,2021-01-01,,0.0,USD,Customer receivable account (Camping),SampleGen
43b6118d-3fc0-421e-9258-37225e2c1782,ACC-Camping-1482,CID-483,Receivable,Active,2021-01-01,,0.0,USD,Customer receivable account (Camping),SampleGen
79d50afc-24d8-4342-9bef-3e7e25e5f0fc,ACC-Camping-1483,CID-484,Receivable,Active,2021-01-01,,0.0,USD,Customer receivable account (Camping),SampleGen
2b128190-ce17-4678-8bf0-b7a5c9a08027,ACC-Camping-1484,CID-485,Receivable,Active,2021-01-01,,0.0,USD,Customer receivable account (Camping),SampleGen
90166832-cbb0-437f-86d6-ed8699ef5c63,ACC-Camping-1485,CID-486,Receivable,Active,2021-01-01,,0.0,USD,Customer receivable account (Camping),SampleGen
14ef85be-3807-4eb5-86d5-45d328c78ded,ACC-Camping-1486,CID-487,Receivable,Active,2021-01-01,,0.0,USD,Customer receivable account (Camping),SampleGen
a4a2b6e1-0f23-4309-af00-13e3c6f4f415,ACC-Camping-1487,CID-488,Receivable,Active,2021-01-01,,0.0,USD,Customer receivable account (Camping),SampleGen
0b368a33-b54b-433f-b897-e78b76b82797,ACC-Camping-1488,CID-489,Receivable,Active,2021-01-01,,0.0,USD,Customer receivable account (Camping),SampleGen
d53a491d-fca3-4106-a906-0c25290549d4,ACC-Camping-1489,CID-490,Receivable,Active,2021-01-01,,0.0,USD,Customer receivable account (Camping),SampleGen
038a40d5-d2d0-4030-ac2f-f4a9a0d59d61,ACC-Camping-1490,CID-491,Receivable,Active,2021-01-01,,0.0,USD,Customer receivable account (Camping),SampleGen
d74f9a9c-0f3c-4c0e-9108-9edf61f75336,ACC-Camping-1491,CID-492,Receivable,Active,2021-01-01,,0.0,USD,Customer receivable account (Camping),SampleGen
dcad774d-499e-4f2c-b77d-7f0ca7ce2c0f,ACC-Camping-1492,CID-493,Receivable,Active,2021-01-01,,0.0,USD,Customer receivable account (Camping),SampleGen
2663445d-f3cd-44f6-9f06-8ecd8eec7f26,ACC-Camping-1493,CID-494,Receivable,Active,2021-01-01,,0.0,USD,Customer receivable account (Camping),SampleGen
be346a0f-6053-4b6b-ab9e-09948aecbb9e,ACC-Camping-1494,CID-495,Receivable,Active,2021-01-01,,0.0,USD,Customer receivable account (Camping),SampleGen
66077b51-fe26-41f4-a799-b785032cf852,ACC-Camping-1495,CID-496,Receivable,Active,2021-01-01,,0.0,USD,Customer receivable account (Camping),SampleGen
6240d355-7831-434b-b3be-5b93f6dcad63,ACC-Camping-1496,CID-497,Receivable,Active,2021-01-01,,0.0,USD,Customer receivable account (Camping),SampleGen
100e0782-0c5d-4775-b5e5-f115d0bdf2a1,ACC-Camping-1497,CID-498,Receivable,Active,2021-01-01,,0.0,USD,Customer receivable account (Camping),SampleGen
a8ae0ced-0d8f-4c18-a4a2-0a0661c73f52,ACC-Camping-1498,CID-499,Receivable,Active,2021-01-01,,0.0,USD,Customer receivable account (Camping),SampleGen
e70a275d-6af3-478f-87a2-a06c66bc6dc8,ACC-Camping-1499,CID-500,Receivable,Active,2021-01-01,,0.0,USD,Customer receivable account (Camping),SampleGen
4edbc2e4-d397-4399-9339-41124b894ea1,ACC-Camping-1500,CID-501,Receivable,Active,2021-01-01,,0.0,USD,Customer receivable account (Camping),SampleGen
7387c9ff-cd26-4cac-9356-e3a0bfc4f596,ACC-Camping-1501,CID-502,Receivable,Active,2021-01-01,,0.0,USD,Customer receivable account (Camping),SampleGen
100ea7c5-b33b-40c9-9d5a-8b07aaeda79f,ACC-Camping-1502,CID-503,Receivable,Active,2021-01-01,,0.0,USD,Customer receivable account (Camping),SampleGen
39acb6ff-f78c-4c06-90a3-503011174e85,ACC-Camping-1503,CID-504,Receivable,Active,2021-01-01,,0.0,USD,Customer receivable account (Camping),SampleGen
77307039-4300-4ed5-acfe-7302bf29f40f,ACC-Camping-1504,CID-505,Receivable,Active,2021-01-01,,0.0,USD,Customer receivable account (Camping),SampleGen
f1c51f82-6ca0-41a0-a7d5-0cf0b6cf8c38,ACC-Camping-1505,CID-506,Receivable,Active,2021-01-01,,0.0,USD,Customer receivable account (Camping),SampleGen
e988e2a0-bc22-4046-86e1-7083c73d1d08,ACC-Camping-1506,CID-507,Receivable,Active,2021-01-01,,0.0,USD,Customer receivable account (Camping),SampleGen
5ab22f0b-2c52-4533-a409-baeda8cd7caa,ACC-Camping-1507,CID-508,Receivable,Active,2021-01-01,,0.0,USD,Customer receivable account (Camping),SampleGen
abe75b6e-3e12-4ff6-9080-1e35061f8cc6,ACC-Camping-1508,CID-509,Receivable,Active,2021-01-01,,0.0,USD,Customer receivable account (Camping),SampleGen
9bc0f610-ff59-4131-9f3a-b06201ba6207,ACC-Camping-1509,CID-510,Receivable,Active,2021-01-01,,0.0,USD,Customer receivable account (Camping),SampleGen
568b67ba-66b2-4a20-a3bf-562372adcec1,ACC-Camping-1510,CID-511,Receivable,Active,2021-01-01,,0.0,USD,Customer receivable account (Camping),SampleGen
c19f6b08-5d97-46a1-b441-2c1df9c4bbad,ACC-Camping-1511,CID-512,Receivable,Active,2021-01-01,,0.0,USD,Customer receivable account (Camping),SampleGen
7feeb767-d684-4957-aa03-1cfd2e048fb0,ACC-Camping-1512,CID-513,Receivable,Active,2021-01-01,,0.0,USD,Customer receivable account (Camping),SampleGen
